ISO-10303-21;
HEADER;
/****************************************************************
 * Generated by software with PDE/Lib inside                    *
 * PDElib Version 3.2.7, created Wed Aug 14, 2002 at 18:42:09   *
 * International Technegroup Inc. (www.iti-oh.com)              *
 ****************************************************************/
FILE_DESCRIPTION((''),'2;1');
FILE_NAME('/users3/kempf/0967_D-Sub_fem_crimp_contacts_37_poles.stp',
   '2007-08-02T15:16:35',('User'),('SDRC'),'I-DEAS Master Series 9','UNIX',
   'Yes');
FILE_SCHEMA(('AUTOMOTIVE_DESIGN { 1 0 10303 214 1 1 1 1 }'));
ENDSEC;
DATA;
#10=(NAMED_UNIT(*)PLANE_ANGLE_UNIT()SI_UNIT($,.RADIAN.));
#11=DIMENSIONAL_EXPONENTS(0.0,0.0,0.0,0.0,0.0,0.0,0.0);
#12=PLANE_ANGLE_MEASURE_WITH_UNIT(PLANE_ANGLE_MEASURE(
   0.017453292500000),#10);
#16=(CONVERSION_BASED_UNIT('DEGREE',#12)NAMED_UNIT(#11)
   PLANE_ANGLE_UNIT());
#20=(NAMED_UNIT(*)SI_UNIT($,.STERADIAN.)SOLID_ANGLE_UNIT());
#24=(LENGTH_UNIT()NAMED_UNIT(*)SI_UNIT(.MILLI.,.METRE.));
#26=UNCERTAINTY_MEASURE_WITH_UNIT(LENGTH_MEASURE(
   0.010000000000000),#24,'DISTANCE_ACCURACY_VALUE','');
#28=(GEOMETRIC_REPRESENTATION_CONTEXT(3)
   GLOBAL_UNCERTAINTY_ASSIGNED_CONTEXT((#26))
   GLOBAL_UNIT_ASSIGNED_CONTEXT((#16,#20,#24))
   REPRESENTATION_CONTEXT('','3D'));
#29=APPLICATION_CONTEXT('automotive design');
#30=APPLICATION_PROTOCOL_DEFINITION('International Standard',
   'automotive_design',2001,#29);
#31=PRODUCT_CONTEXT('None',#29,'mechanical');
#32=PRODUCT('0967_D-Sub_fem_crimp_contacts_37_poles','09 67 037 4701',
   'None',(#31));
#33=PRODUCT_RELATED_PRODUCT_CATEGORY('part','description',(#32));
#34=PRODUCT_DEFINITION_FORMATION('','None',#32);
#35=PRODUCT_DEFINITION_CONTEXT('part definition',#29,'design');
#36=PRODUCT_DEFINITION('None','None',#34,#35);
#37=PRODUCT_DEFINITION_SHAPE('None','None',#36);
#38=ADVANCED_BREP_SHAPE_REPRESENTATION('',(#1952),#28);
#39=SHAPE_DEFINITION_REPRESENTATION(#37,#38);
#40=COLOUR_RGB('GOLDEN_ORANGE',1.0,0.660000026226044,0.0);
#41=DRAUGHTING_PRE_DEFINED_CURVE_FONT('continuous');
#42=CURVE_STYLE('',#41,POSITIVE_LENGTH_MEASURE(0.100000000000000),
   #40);
#43=FILL_AREA_STYLE_COLOUR('',#40);
#44=FILL_AREA_STYLE('',(#43));
#45=SURFACE_STYLE_FILL_AREA(#44);
#46=SURFACE_SIDE_STYLE('',(#45));
#47=SURFACE_STYLE_USAGE(.BOTH.,#46);
#48=PRESENTATION_STYLE_ASSIGNMENT((#42,#47));
#49=CARTESIAN_POINT('F12',(-26.645429781371000,-2.379871365119000,
   0.800000000000000));
#50=CARTESIAN_POINT('F12',(-26.335244236264845,-3.899999999999963,
   0.800000000000002));
#51=CARTESIAN_POINT('F12',(-24.783791323999999,-3.900000000000000,
   0.800000000000000));
#52=CARTESIAN_POINT('F12',(-26.645429781371000,-2.379871365119000,
   6.649999999999999));
#53=CARTESIAN_POINT('F12',(-26.335244236264845,-3.899999999999963,
   6.650000000000025));
#54=CARTESIAN_POINT('F12',(-24.783791323999999,-3.900000000000000,
   6.649999999999999));
#62=(BOUNDED_SURFACE()B_SPLINE_SURFACE(2,1,((#49,#52),(#50,#53),
   (#51,#54)),.CYLINDRICAL_SURF.,.F.,.F.,.U.)
   B_SPLINE_SURFACE_WITH_KNOTS((3,3),(2,2),(0.0,1.0),(0.0,
   1.885329536510800),.UNSPECIFIED.)GEOMETRIC_REPRESENTATION_ITEM()
   RATIONAL_B_SPLINE_SURFACE(((1.0,1.0),(0.774574818023110,
   0.774574818023110),(1.0,1.0)))REPRESENTATION_ITEM('F12')SURFACE(
   ));
#63=CARTESIAN_POINT('V25',(-24.783791323999999,-3.900000000000000,
   0.800000000000000));
#64=VERTEX_POINT('V25',#63);
#65=CARTESIAN_POINT('V26',(-26.645429781371000,-2.379871365119000,
   0.800000000000000));
#66=VERTEX_POINT('V26',#65);
#67=CARTESIAN_POINT('E31',(-24.783791323999999,-3.900000000000000,
   0.800000000000000));
#68=CARTESIAN_POINT('E31',(-26.335244236265002,-3.899999999999999,
   0.800000000000000));
#69=CARTESIAN_POINT('E31',(-26.645429781371000,-2.379871365119000,
   0.800000000000000));
#77=(BOUNDED_CURVE()B_SPLINE_CURVE(2,(#67,#68,#69),.CIRCULAR_ARC.,
   .F.,.U.)CURVE()GEOMETRIC_REPRESENTATION_ITEM()
   QUASI_UNIFORM_CURVE()RATIONAL_B_SPLINE_CURVE((1.0,
   0.774574818023110,1.0))REPRESENTATION_ITEM('E31'));
#78=EDGE_CURVE('E31',#64,#66,#77,.T.);
#79=ORIENTED_EDGE('E31',*,*,#78,.F.);
#80=CARTESIAN_POINT('V27',(-24.783791323999999,-3.900000000000000,
   6.649999999999999));
#81=VERTEX_POINT('V27',#80);
#82=CARTESIAN_POINT('E32',(-24.783791323999999,-3.900000000000000,
   0.800000000000000));
#83=CARTESIAN_POINT('E32',(-24.783791323999999,-3.900000000000000,
   6.649999999999999));
#84=B_SPLINE_CURVE_WITH_KNOTS('E32',1,(#82,#83),.POLYLINE_FORM.,.F.,
   .U.,(2,2),(0.0,1.885329536510800),.UNSPECIFIED.);
#85=EDGE_CURVE('E32',#64,#81,#84,.T.);
#86=ORIENTED_EDGE('E32',*,*,#85,.T.);
#87=CARTESIAN_POINT('V28',(-26.645429781371000,-2.379871365119000,
   6.649999999999999));
#88=VERTEX_POINT('V28',#87);
#89=CARTESIAN_POINT('E33',(-24.783791323999999,-3.900000000000000,
   6.649999999999999));
#90=CARTESIAN_POINT('E33',(-26.335244236265002,-3.899999999999999,
   6.649999999999999));
#91=CARTESIAN_POINT('E33',(-26.645429781371000,-2.379871365119000,
   6.649999999999999));
#99=(BOUNDED_CURVE()B_SPLINE_CURVE(2,(#89,#90,#91),.CIRCULAR_ARC.,
   .F.,.U.)CURVE()GEOMETRIC_REPRESENTATION_ITEM()
   QUASI_UNIFORM_CURVE()RATIONAL_B_SPLINE_CURVE((1.0,
   0.774574818023110,1.0))REPRESENTATION_ITEM('E33'));
#100=EDGE_CURVE('E33',#81,#88,#99,.T.);
#101=ORIENTED_EDGE('E33',*,*,#100,.T.);
#102=CARTESIAN_POINT('E34',(-26.645429781371000,-2.379871365119000,
   0.800000000000000));
#103=CARTESIAN_POINT('E34',(-26.645429781371000,-2.379871365119000,
   6.649999999999999));
#104=B_SPLINE_CURVE_WITH_KNOTS('E34',1,(#102,#103),.POLYLINE_FORM.,
   .F.,.U.,(2,2),(0.0,1.432971707312800),.UNSPECIFIED.);
#105=EDGE_CURVE('E34',#66,#88,#104,.T.);
#106=ORIENTED_EDGE('E34',*,*,#105,.F.);
#107=EDGE_LOOP('F12',(#79,#86,#101,#106));
#108=FACE_OUTER_BOUND('F12',#107,.T.);
#109=ADVANCED_FACE('F12',(#108),#62,.T.);
#110=CARTESIAN_POINT('F13',(-27.461638457370999,1.620128634896800,
   0.800000000000000));
#111=CARTESIAN_POINT('F13',(-26.645429781371000,-2.379871365119000,
   0.800000000000000));
#112=CARTESIAN_POINT('F13',(-27.461638457370999,1.620128634896800,
   6.649999999999999));
#113=CARTESIAN_POINT('F13',(-26.645429781371000,-2.379871365119000,
   6.649999999999999));
#114=B_SPLINE_SURFACE_WITH_KNOTS('F13',1,1,((#110,#112),(#111,
   #113)),.PLANE_SURF.,.F.,.F.,.U.,(2,2),(2,2),(0.0,1.0),(0.0,
   1.432971707312800),.UNSPECIFIED.);
#115=CARTESIAN_POINT('V29',(-27.461638457370999,1.620128634896800,
   0.800000000000000));
#116=VERTEX_POINT('V29',#115);
#117=CARTESIAN_POINT('E35',(-26.645429781371000,-2.379871365119000,
   0.800000000000000));
#118=CARTESIAN_POINT('E35',(-27.461638457370999,1.620128634896800,
   0.800000000000000));
#119=QUASI_UNIFORM_CURVE('E35',1,(#117,#118),.POLYLINE_FORM.,.F.,.U.
   );
#120=EDGE_CURVE('E35',#66,#116,#119,.T.);
#121=ORIENTED_EDGE('E35',*,*,#120,.F.);
#122=ORIENTED_EDGE('F12',*,*,#105,.T.);
#123=CARTESIAN_POINT('V30',(-27.461638457370999,1.620128634896800,
   6.649999999999999));
#124=VERTEX_POINT('V30',#123);
#125=CARTESIAN_POINT('E36',(-26.645429781371000,-2.379871365119000,
   6.649999999999999));
#126=CARTESIAN_POINT('E36',(-27.461638457370999,1.620128634896800,
   6.649999999999999));
#127=QUASI_UNIFORM_CURVE('E36',1,(#125,#126),.POLYLINE_FORM.,.F.,.U.
   );
#128=EDGE_CURVE('E36',#88,#124,#127,.T.);
#129=ORIENTED_EDGE('E36',*,*,#128,.T.);
#130=CARTESIAN_POINT('E37',(-27.461638457370999,1.620128634896800,
   0.800000000000000));
#131=CARTESIAN_POINT('E37',(-27.461638457370999,1.620128634896800,
   6.649999999999999));
#132=B_SPLINE_CURVE_WITH_KNOTS('E37',1,(#130,#131),.POLYLINE_FORM.,
   .F.,.U.,(2,2),(0.0,1.257063647749800),.UNSPECIFIED.);
#133=EDGE_CURVE('E37',#116,#124,#132,.T.);
#134=ORIENTED_EDGE('E37',*,*,#133,.F.);
#135=EDGE_LOOP('F13',(#121,#122,#129,#134));
#136=FACE_OUTER_BOUND('F13',#135,.T.);
#137=ADVANCED_FACE('F13',(#136),#114,.T.);
#138=CARTESIAN_POINT('F14',(-25.600000000000001,3.900000000015800,
   0.800000000000000));
#139=CARTESIAN_POINT('F14',(-27.926851154462859,3.900000000015851,
   0.800000000000003));
#140=CARTESIAN_POINT('F14',(-27.461638457370999,1.620128634896800,
   0.800000000000000));
#141=CARTESIAN_POINT('F14',(-25.600000000000001,3.900000000015800,
   6.649999999999999));
#142=CARTESIAN_POINT('F14',(-27.926851154462859,3.900000000015851,
   6.650000000000095));
#143=CARTESIAN_POINT('F14',(-27.461638457370999,1.620128634896800,
   6.649999999999999));
#151=(BOUNDED_SURFACE()B_SPLINE_SURFACE(2,1,((#138,#141),(#139,
   #142),(#140,#143)),.CYLINDRICAL_SURF.,.F.,.F.,.U.)
   B_SPLINE_SURFACE_WITH_KNOTS((3,3),(2,2),(0.0,1.0),(0.0,
   1.257063647749800),.UNSPECIFIED.)GEOMETRIC_REPRESENTATION_ITEM()
   RATIONAL_B_SPLINE_SURFACE(((1.0,1.0),(0.632482293257660,
   0.632482293257660),(1.0,1.0)))REPRESENTATION_ITEM('F14')SURFACE(
   ));
#152=CARTESIAN_POINT('V31',(-25.600000000000001,3.900000000015800,
   0.800000000000000));
#153=VERTEX_POINT('V31',#152);
#154=CARTESIAN_POINT('E38',(-27.461638457370999,1.620128634896800,
   0.800000000000000));
#155=CARTESIAN_POINT('E38',(-27.926851154463002,3.900000000015800,
   0.800000000000000));
#156=CARTESIAN_POINT('E38',(-25.600000000000001,3.900000000015800,
   0.800000000000000));
#164=(BOUNDED_CURVE()B_SPLINE_CURVE(2,(#154,#155,#156),
   .CIRCULAR_ARC.,.F.,.U.)CURVE()GEOMETRIC_REPRESENTATION_ITEM()
   QUASI_UNIFORM_CURVE()RATIONAL_B_SPLINE_CURVE((1.0,
   0.632482293257660,1.0))REPRESENTATION_ITEM('E38'));
#165=EDGE_CURVE('E38',#116,#153,#164,.T.);
#166=ORIENTED_EDGE('E38',*,*,#165,.F.);
#167=ORIENTED_EDGE('F13',*,*,#133,.T.);
#168=CARTESIAN_POINT('V32',(-25.600000000000001,3.900000000015800,
   6.649999999999999));
#169=VERTEX_POINT('V32',#168);
#170=CARTESIAN_POINT('E39',(-27.461638457370999,1.620128634896800,
   6.649999999999999));
#171=CARTESIAN_POINT('E39',(-27.926851154463002,3.900000000015800,
   6.649999999999999));
#172=CARTESIAN_POINT('E39',(-25.600000000000001,3.900000000015800,
   6.649999999999999));
#180=(BOUNDED_CURVE()B_SPLINE_CURVE(2,(#170,#171,#172),
   .CIRCULAR_ARC.,.F.,.U.)CURVE()GEOMETRIC_REPRESENTATION_ITEM()
   QUASI_UNIFORM_CURVE()RATIONAL_B_SPLINE_CURVE((1.0,
   0.632482293257660,1.0))REPRESENTATION_ITEM('E39'));
#181=EDGE_CURVE('E39',#124,#169,#180,.T.);
#182=ORIENTED_EDGE('E39',*,*,#181,.T.);
#183=CARTESIAN_POINT('E40',(-25.600000000000001,3.900000000015800,
   0.800000000000000));
#184=CARTESIAN_POINT('E40',(-25.600000000000001,3.900000000015800,
   6.649999999999999));
#185=QUASI_UNIFORM_CURVE('E40',1,(#183,#184),.POLYLINE_FORM.,.F.,.U.
   );
#186=EDGE_CURVE('E40',#153,#169,#185,.T.);
#187=ORIENTED_EDGE('E40',*,*,#186,.F.);
#188=EDGE_LOOP('F14',(#166,#167,#182,#187));
#189=FACE_OUTER_BOUND('F14',#188,.T.);
#190=ADVANCED_FACE('F14',(#189),#151,.T.);
#191=CARTESIAN_POINT('F21',(24.783791323999999,-3.900000000000000,
   0.800000000000000));
#192=CARTESIAN_POINT('F21',(26.335244236264845,-3.899999999999963,
   0.800000000000002));
#193=CARTESIAN_POINT('F21',(26.645429781371000,-2.379871365119000,
   0.800000000000000));
#194=CARTESIAN_POINT('F21',(24.783791323999999,-3.900000000000000,
   6.649999999999999));
#195=CARTESIAN_POINT('F21',(26.335244236264845,-3.899999999999963,
   6.650000000000025));
#196=CARTESIAN_POINT('F21',(26.645429781371000,-2.379871365119000,
   6.649999999999999));
#204=(BOUNDED_SURFACE()B_SPLINE_SURFACE(2,1,((#191,#194),(#192,
   #195),(#193,#196)),.CYLINDRICAL_SURF.,.F.,.F.,.U.)
   B_SPLINE_SURFACE_WITH_KNOTS((3,3),(2,2),(0.0,1.0),(0.0,
   1.885329536510800),.UNSPECIFIED.)GEOMETRIC_REPRESENTATION_ITEM()
   RATIONAL_B_SPLINE_SURFACE(((1.0,1.0),(0.774574818023110,
   0.774574818023110),(1.0,1.0)))REPRESENTATION_ITEM('F21')SURFACE(
   ));
#205=CARTESIAN_POINT('V41',(26.645429781371000,-2.379871365119000,
   0.800000000000000));
#206=VERTEX_POINT('V41',#205);
#207=CARTESIAN_POINT('V42',(24.783791323999999,-3.900000000000000,
   0.800000000000000));
#208=VERTEX_POINT('V42',#207);
#209=CARTESIAN_POINT('E53',(26.645429781371000,-2.379871365119000,
   0.800000000000000));
#210=CARTESIAN_POINT('E53',(26.335244236265002,-3.899999999999999,
   0.800000000000000));
#211=CARTESIAN_POINT('E53',(24.783791323999999,-3.900000000000000,
   0.800000000000000));
#219=(BOUNDED_CURVE()B_SPLINE_CURVE(2,(#209,#210,#211),
   .CIRCULAR_ARC.,.F.,.U.)CURVE()GEOMETRIC_REPRESENTATION_ITEM()
   QUASI_UNIFORM_CURVE()RATIONAL_B_SPLINE_CURVE((1.0,
   0.774574818023110,1.0))REPRESENTATION_ITEM('E53'));
#220=EDGE_CURVE('E53',#206,#208,#219,.T.);
#221=ORIENTED_EDGE('E53',*,*,#220,.F.);
#222=CARTESIAN_POINT('V43',(26.645429781371000,-2.379871365119000,
   6.649999999999999));
#223=VERTEX_POINT('V43',#222);
#224=CARTESIAN_POINT('E54',(26.645429781371000,-2.379871365119000,
   0.800000000000000));
#225=CARTESIAN_POINT('E54',(26.645429781371000,-2.379871365119000,
   6.649999999999999));
#226=B_SPLINE_CURVE_WITH_KNOTS('E54',1,(#224,#225),.POLYLINE_FORM.,
   .F.,.U.,(2,2),(0.0,1.885329536510800),.UNSPECIFIED.);
#227=EDGE_CURVE('E54',#206,#223,#226,.T.);
#228=ORIENTED_EDGE('E54',*,*,#227,.T.);
#229=CARTESIAN_POINT('V44',(24.783791323999999,-3.900000000000000,
   6.649999999999999));
#230=VERTEX_POINT('V44',#229);
#231=CARTESIAN_POINT('E55',(24.783791323999999,-3.900000000000000,
   6.649999999999999));
#232=CARTESIAN_POINT('E55',(26.335244236265002,-3.899999999999999,
   6.649999999999999));
#233=CARTESIAN_POINT('E55',(26.645429781371000,-2.379871365119000,
   6.649999999999999));
#241=(BOUNDED_CURVE()B_SPLINE_CURVE(2,(#231,#232,#233),
   .CIRCULAR_ARC.,.F.,.U.)CURVE()GEOMETRIC_REPRESENTATION_ITEM()
   QUASI_UNIFORM_CURVE()RATIONAL_B_SPLINE_CURVE((1.0,
   0.774574818023110,1.0))REPRESENTATION_ITEM('E55'));
#242=EDGE_CURVE('E55',#230,#223,#241,.T.);
#243=ORIENTED_EDGE('E55',*,*,#242,.F.);
#244=CARTESIAN_POINT('E56',(24.783791323999999,-3.900000000000000,
   0.800000000000000));
#245=CARTESIAN_POINT('E56',(24.783791323999999,-3.900000000000000,
   6.649999999999999));
#246=B_SPLINE_CURVE_WITH_KNOTS('E56',1,(#244,#245),.POLYLINE_FORM.,
   .F.,.U.,(2,2),(0.0,1.885329536510800),.UNSPECIFIED.);
#247=EDGE_CURVE('E56',#208,#230,#246,.T.);
#248=ORIENTED_EDGE('E56',*,*,#247,.F.);
#249=EDGE_LOOP('F21',(#221,#228,#243,#248));
#250=FACE_OUTER_BOUND('F21',#249,.T.);
#251=ADVANCED_FACE('F21',(#250),#204,.T.);
#252=CARTESIAN_POINT('F22',(26.645429781371000,-2.379871365119000,
   0.800000000000000));
#253=CARTESIAN_POINT('F22',(27.461638457370999,1.620128634896700,
   0.800000000000000));
#254=CARTESIAN_POINT('F22',(26.645429781371000,-2.379871365119000,
   6.649999999999999));
#255=CARTESIAN_POINT('F22',(27.461638457370999,1.620128634896700,
   6.649999999999999));
#256=B_SPLINE_SURFACE_WITH_KNOTS('F22',1,1,((#252,#254),(#253,
   #255)),.PLANE_SURF.,.F.,.F.,.U.,(2,2),(2,2),(0.0,1.0),(0.0,
   1.432971707312800),.UNSPECIFIED.);
#257=CARTESIAN_POINT('V45',(27.461638457370999,1.620128634896700,
   0.800000000000000));
#258=VERTEX_POINT('V45',#257);
#259=CARTESIAN_POINT('E57',(27.461638457370999,1.620128634896700,
   0.800000000000000));
#260=CARTESIAN_POINT('E57',(26.645429781371000,-2.379871365119000,
   0.800000000000000));
#261=QUASI_UNIFORM_CURVE('E57',1,(#259,#260),.POLYLINE_FORM.,.F.,.U.
   );
#262=EDGE_CURVE('E57',#258,#206,#261,.T.);
#263=ORIENTED_EDGE('E57',*,*,#262,.F.);
#264=CARTESIAN_POINT('V46',(27.461638457370999,1.620128634896700,
   6.649999999999999));
#265=VERTEX_POINT('V46',#264);
#266=CARTESIAN_POINT('E58',(27.461638457370999,1.620128634896700,
   0.800000000000000));
#267=CARTESIAN_POINT('E58',(27.461638457370999,1.620128634896700,
   6.649999999999999));
#268=B_SPLINE_CURVE_WITH_KNOTS('E58',1,(#266,#267),.POLYLINE_FORM.,
   .F.,.U.,(2,2),(0.0,1.432971707312800),.UNSPECIFIED.);
#269=EDGE_CURVE('E58',#258,#265,#268,.T.);
#270=ORIENTED_EDGE('E58',*,*,#269,.T.);
#271=CARTESIAN_POINT('E59',(26.645429781371000,-2.379871365119000,
   6.649999999999999));
#272=CARTESIAN_POINT('E59',(27.461638457370999,1.620128634896700,
   6.649999999999999));
#273=QUASI_UNIFORM_CURVE('E59',1,(#271,#272),.POLYLINE_FORM.,.F.,.U.
   );
#274=EDGE_CURVE('E59',#223,#265,#273,.T.);
#275=ORIENTED_EDGE('E59',*,*,#274,.F.);
#276=ORIENTED_EDGE('E54',*,*,#227,.F.);
#277=EDGE_LOOP('F22',(#263,#270,#275,#276));
#278=FACE_OUTER_BOUND('F22',#277,.T.);
#279=ADVANCED_FACE('F22',(#278),#256,.T.);
#280=CARTESIAN_POINT('F23',(27.461638457370999,1.620128634896700,
   0.800000000000000));
#281=CARTESIAN_POINT('F23',(27.926851154462859,3.900000000015693,
   0.800000000000003));
#282=CARTESIAN_POINT('F23',(25.600000000000001,3.900000000015800,
   0.800000000000000));
#283=CARTESIAN_POINT('F23',(27.461638457370999,1.620128634896700,
   6.649999999999999));
#284=CARTESIAN_POINT('F23',(27.926851154462859,3.900000000015693,
   6.649999999999937));
#285=CARTESIAN_POINT('F23',(25.600000000000001,3.900000000015800,
   6.649999999999999));
#293=(BOUNDED_SURFACE()B_SPLINE_SURFACE(2,1,((#280,#283),(#281,
   #284),(#282,#285)),.CYLINDRICAL_SURF.,.F.,.F.,.U.)
   B_SPLINE_SURFACE_WITH_KNOTS((3,3),(2,2),(0.0,1.0),(0.0,
   1.257063647749800),.UNSPECIFIED.)GEOMETRIC_REPRESENTATION_ITEM()
   RATIONAL_B_SPLINE_SURFACE(((1.0,1.0),(0.632482293257660,
   0.632482293257660),(1.0,1.0)))REPRESENTATION_ITEM('F23')SURFACE(
   ));
#294=CARTESIAN_POINT('V47',(25.600000000000001,3.900000000015800,
   0.800000000000000));
#295=VERTEX_POINT('V47',#294);
#296=CARTESIAN_POINT('E60',(25.600000000000001,3.900000000015800,
   0.800000000000000));
#297=CARTESIAN_POINT('E60',(27.926851154463002,3.900000000015800,
   0.800000000000000));
#298=CARTESIAN_POINT('E60',(27.461638457370999,1.620128634896700,
   0.800000000000000));
#306=(BOUNDED_CURVE()B_SPLINE_CURVE(2,(#296,#297,#298),
   .CIRCULAR_ARC.,.F.,.U.)CURVE()GEOMETRIC_REPRESENTATION_ITEM()
   QUASI_UNIFORM_CURVE()RATIONAL_B_SPLINE_CURVE((1.0,
   0.632482293257660,1.0))REPRESENTATION_ITEM('E60'));
#307=EDGE_CURVE('E60',#295,#258,#306,.T.);
#308=ORIENTED_EDGE('E60',*,*,#307,.F.);
#309=CARTESIAN_POINT('V48',(25.600000000000001,3.900000000015800,
   6.649999999999999));
#310=VERTEX_POINT('V48',#309);
#311=CARTESIAN_POINT('E61',(25.600000000000001,3.900000000015800,
   6.649999999999999));
#312=CARTESIAN_POINT('E61',(25.600000000000001,3.900000000015800,
   0.800000000000000));
#313=B_SPLINE_CURVE_WITH_KNOTS('E61',1,(#311,#312),.POLYLINE_FORM.,
   .F.,.U.,(2,2),(0.0,1.257063647749800),.UNSPECIFIED.);
#314=EDGE_CURVE('E61',#310,#295,#313,.T.);
#315=ORIENTED_EDGE('E61',*,*,#314,.F.);
#316=CARTESIAN_POINT('E62',(27.461638457370999,1.620128634896700,
   6.649999999999999));
#317=CARTESIAN_POINT('E62',(27.926851154463002,3.900000000015800,
   6.649999999999999));
#318=CARTESIAN_POINT('E62',(25.600000000000001,3.900000000015800,
   6.649999999999999));
#326=(BOUNDED_CURVE()B_SPLINE_CURVE(2,(#316,#317,#318),
   .CIRCULAR_ARC.,.F.,.U.)CURVE()GEOMETRIC_REPRESENTATION_ITEM()
   QUASI_UNIFORM_CURVE()RATIONAL_B_SPLINE_CURVE((1.0,
   0.632482293257660,1.0))REPRESENTATION_ITEM('E62'));
#327=EDGE_CURVE('E62',#265,#310,#326,.T.);
#328=ORIENTED_EDGE('E62',*,*,#327,.F.);
#329=ORIENTED_EDGE('E58',*,*,#269,.F.);
#330=EDGE_LOOP('F23',(#308,#315,#328,#329));
#331=FACE_OUTER_BOUND('F23',#330,.T.);
#332=ADVANCED_FACE('F23',(#331),#293,.T.);
#333=CARTESIAN_POINT('F44',(25.699999999999999,3.900000000015800,
   0.600000000000000));
#334=CARTESIAN_POINT('F44',(-25.800000000000001,3.900000000015800,
   0.600000000000000));
#335=CARTESIAN_POINT('F44',(25.699999999999999,3.900000000015800,
   6.850000000000001));
#336=CARTESIAN_POINT('F44',(-25.800000000000001,3.900000000015800,
   6.850000000000001));
#337=B_SPLINE_SURFACE_WITH_KNOTS('F44',1,1,((#333,#335),(#334,
   #336)),.PLANE_SURF.,.F.,.F.,.U.,(2,2),(2,2),(0.0,
   8.240000000000000),(0.0,1.0),.UNSPECIFIED.);
#338=CARTESIAN_POINT('E124',(-25.600000000000001,3.900000000015800,
   6.649999999999999));
#339=CARTESIAN_POINT('E124',(25.600000000000001,3.900000000015800,
   6.649999999999999));
#340=QUASI_UNIFORM_CURVE('E124',1,(#338,#339),.POLYLINE_FORM.,.F.,
   .U.);
#341=EDGE_CURVE('E124',#169,#310,#340,.T.);
#342=ORIENTED_EDGE('E124',*,*,#341,.T.);
#343=ORIENTED_EDGE('E61',*,*,#314,.T.);
#344=CARTESIAN_POINT('E122',(-25.600000000000001,3.900000000015800,
   0.800000000000000));
#345=CARTESIAN_POINT('E122',(25.600000000000001,3.900000000015800,
   0.800000000000000));
#346=QUASI_UNIFORM_CURVE('E122',1,(#344,#345),.POLYLINE_FORM.,.F.,
   .U.);
#347=EDGE_CURVE('E122',#153,#295,#346,.T.);
#348=ORIENTED_EDGE('E122',*,*,#347,.F.);
#349=ORIENTED_EDGE('F14',*,*,#186,.T.);
#350=EDGE_LOOP('F44',(#342,#343,#348,#349));
#351=FACE_OUTER_BOUND('F44',#350,.T.);
#352=ADVANCED_FACE('F44',(#351),#337,.T.);
#353=CARTESIAN_POINT('F17',(-30.149999999999999,-1.230676E-15,
   0.900000000000000));
#354=CARTESIAN_POINT('F17',(-30.149999999999999,-2.684678751731800,
   0.900000000000000));
#355=CARTESIAN_POINT('F17',(-32.474999999999994,-1.342339375865900,
   0.900000000000000));
#356=CARTESIAN_POINT('F17',(-34.799999999999997,5.316360E-15,
   0.900000000000000));
#357=CARTESIAN_POINT('F17',(-32.474999999999994,1.342339375865900,
   0.900000000000000));
#358=CARTESIAN_POINT('F17',(-30.149999999999999,2.684678751731800,
   0.900000000000000));
#359=CARTESIAN_POINT('F17',(-30.149999999999999,-1.230676E-15,
   0.900000000000000));
#360=CARTESIAN_POINT('F17',(-30.149999999999999,-1.278109E-15,
   -0.500000000000000));
#361=CARTESIAN_POINT('F17',(-30.149999999999999,-2.684678751731800,
   -0.500000000000000));
#362=CARTESIAN_POINT('F17',(-32.474999999999994,-1.342339375865900,
   -0.500000000000000));
#363=CARTESIAN_POINT('F17',(-34.799999999999997,5.268926E-15,
   -0.500000000000000));
#364=CARTESIAN_POINT('F17',(-32.474999999999994,1.342339375865900,
   -0.500000000000000));
#365=CARTESIAN_POINT('F17',(-30.149999999999999,2.684678751731800,
   -0.500000000000000));
#366=CARTESIAN_POINT('F17',(-30.149999999999999,-1.278109E-15,
   -0.500000000000000));
#374=(BOUNDED_SURFACE()B_SPLINE_SURFACE(2,1,((#353,#360),(#354,
   #361),(#355,#362),(#356,#363),(#357,#364),(#358,#365),(
   #359,#366)),.CYLINDRICAL_SURF.,.T.,.F.,.U.)
   B_SPLINE_SURFACE_WITH_KNOTS((3,2,2,3),(2,2),(0.0,
   3.835255359616800,7.670510719233600,11.505766078850000),(0.0,1.0),
   .UNSPECIFIED.)GEOMETRIC_REPRESENTATION_ITEM()
   RATIONAL_B_SPLINE_SURFACE(((1.0,1.0),(0.500000000000000,
   0.500000000000000),(1.0,1.0),(0.500000000000000,
   0.500000000000000),(1.0,1.0),(0.500000000000000,
   0.500000000000000),(1.0,1.0)))REPRESENTATION_ITEM('F17')SURFACE(
   ));
#375=CARTESIAN_POINT('V34',(-30.149999999999999,-1.247616E-15,
   -0.400000000000000));
#376=VERTEX_POINT('V34',#375);
#377=CARTESIAN_POINT('V36',(-30.149999999999999,-1.247616E-15,
   0.800000000000000));
#378=VERTEX_POINT('V36',#377);
#379=CARTESIAN_POINT('E45',(-30.149999999999999,-1.274721E-15,
   -0.400000000000000));
#380=CARTESIAN_POINT('E45',(-30.149999999999999,-1.234064E-15,
   0.800000000000000));
#381=B_SPLINE_CURVE_WITH_KNOTS('E45',1,(#379,#380),.POLYLINE_FORM.,
   .F.,.U.,(2,2),(0.071428571428571,0.928571428571430),
   .UNSPECIFIED.);
#382=EDGE_CURVE('E45',#376,#378,#381,.T.);
#383=ORIENTED_EDGE('E45',*,*,#382,.T.);
#384=CARTESIAN_POINT('E46',(-30.149999999999999,-1.247616E-15,
   0.800000000000000));
#385=CARTESIAN_POINT('E46',(-30.149999999999999,-2.684678751731800,
   0.800000000000000));
#386=CARTESIAN_POINT('E46',(-32.474999999999994,-1.342339375865900,
   0.800000000000000));
#387=CARTESIAN_POINT('E46',(-34.799999999999997,4.871072E-16,
   0.800000000000000));
#388=CARTESIAN_POINT('E46',(-32.474999999999994,1.342339375865900,
   0.800000000000000));
#389=CARTESIAN_POINT('E46',(-30.149999999999999,2.684678751731800,
   0.800000000000000));
#390=CARTESIAN_POINT('E46',(-30.149999999999999,-1.247616E-15,
   0.800000000000000));
#398=(BOUNDED_CURVE()B_SPLINE_CURVE(2,(#384,#385,#386,#387,#388,
   #389,#390),.CIRCULAR_ARC.,.T.,.U.)B_SPLINE_CURVE_WITH_KNOTS((3,
   2,2,3),(0.0,6.711696879329400,13.423393758659000,
   20.135090637988000),.UNSPECIFIED.)CURVE()
   GEOMETRIC_REPRESENTATION_ITEM()RATIONAL_B_SPLINE_CURVE((1.0,
   0.500000000000000,1.0,0.500000000000000,1.0,0.500000000000000,1.0)
   )REPRESENTATION_ITEM('E46'));
#399=EDGE_CURVE('E46',#378,#378,#398,.T.);
#400=ORIENTED_EDGE('E46',*,*,#399,.F.);
#401=ORIENTED_EDGE('E45',*,*,#382,.F.);
#402=CARTESIAN_POINT('E42',(-30.149999999999999,-1.247616E-15,
   -0.400000000000000));
#403=CARTESIAN_POINT('E42',(-30.149999999999999,2.684678751731800,
   -0.400000000000000));
#404=CARTESIAN_POINT('E42',(-32.474999999999994,1.342339375865900,
   -0.400000000000000));
#405=CARTESIAN_POINT('E42',(-34.799999999999997,-6.186760E-15,
   -0.400000000000000));
#406=CARTESIAN_POINT('E42',(-32.474999999999994,-1.342339375865900,
   -0.400000000000000));
#407=CARTESIAN_POINT('E42',(-30.149999999999999,-2.684678751731800,
   -0.400000000000000));
#408=CARTESIAN_POINT('E42',(-30.149999999999999,-1.247616E-15,
   -0.400000000000000));
#416=(BOUNDED_CURVE()B_SPLINE_CURVE(2,(#402,#403,#404,#405,#406,
   #407,#408),.CIRCULAR_ARC.,.T.,.U.)B_SPLINE_CURVE_WITH_KNOTS((3,
   2,2,3),(0.0,13.423393758659000,26.846787517317999,
   40.270181275976000),.UNSPECIFIED.)CURVE()
   GEOMETRIC_REPRESENTATION_ITEM()RATIONAL_B_SPLINE_CURVE((1.0,
   0.500000000000000,1.0,0.500000000000000,1.0,0.500000000000000,1.0)
   )REPRESENTATION_ITEM('E42'));
#417=EDGE_CURVE('E42',#376,#376,#416,.T.);
#418=ORIENTED_EDGE('E42',*,*,#417,.F.);
#419=EDGE_LOOP('F17',(#383,#400,#401,#418));
#420=FACE_OUTER_BOUND('F17',#419,.T.);
#421=ADVANCED_FACE('F17',(#420),#374,.F.);
#422=CARTESIAN_POINT('F15',(-34.670000000000002,2.939537656274100,
   -0.400000000000000));
#423=CARTESIAN_POINT('F15',(-28.729999999999997,2.939537656274100,
   -0.400000000000000));
#424=CARTESIAN_POINT('F15',(-34.670000000000002,-2.939537656274100,
   -0.400000000000000));
#425=CARTESIAN_POINT('F15',(-28.729999999999997,-2.939537656274100,
   -0.400000000000000));
#426=QUASI_UNIFORM_SURFACE('F15',1,1,((#422,#424),(#423,#425)),
   .PLANE_SURF.,.F.,.F.,.U.);
#427=CARTESIAN_POINT('V33',(-29.0,-1.247616E-15,-0.400000000000000)
   );
#428=VERTEX_POINT('V33',#427);
#429=CARTESIAN_POINT('E41',(-29.0,-1.247616E-15,-0.400000000000000)
   );
#430=CARTESIAN_POINT('E41',(-29.0,4.676537180436000,
   -0.400000000000000));
#431=CARTESIAN_POINT('E41',(-33.050000000000004,2.338268590218000,
   -0.400000000000000));
#432=CARTESIAN_POINT('E41',(-37.100000000000001,-3.849701E-15,
   -0.400000000000000));
#433=CARTESIAN_POINT('E41',(-33.050000000000004,-2.338268590218000,
   -0.400000000000000));
#434=CARTESIAN_POINT('E41',(-29.0,-4.676537180436000,
   -0.400000000000000));
#435=CARTESIAN_POINT('E41',(-29.0,-1.247616E-15,-0.400000000000000)
   );
#443=(BOUNDED_CURVE()B_SPLINE_CURVE(2,(#429,#430,#431,#432,#433,
   #434,#435),.CIRCULAR_ARC.,.T.,.U.)B_SPLINE_CURVE_WITH_KNOTS((3,
   2,2,3),(0.0,23.382685902180000,46.765371804360001,
   70.148057706540996),.UNSPECIFIED.)CURVE()
   GEOMETRIC_REPRESENTATION_ITEM()RATIONAL_B_SPLINE_CURVE((1.0,
   0.500000000000000,1.0,0.500000000000000,1.0,0.500000000000000,1.0)
   )REPRESENTATION_ITEM('E41'));
#444=EDGE_CURVE('E41',#428,#428,#443,.T.);
#445=ORIENTED_EDGE('E41',*,*,#444,.F.);
#446=EDGE_LOOP('F15',(#445));
#447=FACE_OUTER_BOUND('F15',#446,.T.);
#448=ORIENTED_EDGE('F17',*,*,#417,.T.);
#449=EDGE_LOOP('F15',(#448));
#450=FACE_BOUND('F15',#449,.T.);
#451=ADVANCED_FACE('F15',(#447,#450),#426,.T.);
#452=CARTESIAN_POINT('F16',(-29.0,-1.247616E-15,7.473251E-16));
#453=CARTESIAN_POINT('F16',(-29.0,-4.676537180436000,7.473251E-16)
   );
#454=CARTESIAN_POINT('F16',(-33.050000000000004,-2.338268590218000,
   7.473251E-16));
#455=CARTESIAN_POINT('F16',(-37.100000000000001,-3.849701E-15,
   7.473251E-16));
#456=CARTESIAN_POINT('F16',(-33.050000000000004,2.338268590218000,
   7.473251E-16));
#457=CARTESIAN_POINT('F16',(-29.0,4.676537180436000,7.473251E-16));
#458=CARTESIAN_POINT('F16',(-29.0,-1.247616E-15,7.473251E-16));
#459=CARTESIAN_POINT('F16',(-29.0,-1.247616E-15,-0.400000000000000)
   );
#460=CARTESIAN_POINT('F16',(-29.0,-4.676537180436000,
   -0.400000000000000));
#461=CARTESIAN_POINT('F16',(-33.050000000000004,-2.338268590218000,
   -0.400000000000000));
#462=CARTESIAN_POINT('F16',(-37.100000000000001,-3.849701E-15,
   -0.400000000000000));
#463=CARTESIAN_POINT('F16',(-33.050000000000004,2.338268590218000,
   -0.400000000000000));
#464=CARTESIAN_POINT('F16',(-29.0,4.676537180436000,
   -0.400000000000000));
#465=CARTESIAN_POINT('F16',(-29.0,-1.247616E-15,-0.400000000000000)
   );
#473=(BOUNDED_SURFACE()B_SPLINE_SURFACE(2,1,((#452,#459),(#453,
   #460),(#454,#461),(#455,#462),(#456,#463),(#457,#464),(
   #458,#465)),.CYLINDRICAL_SURF.,.T.,.F.,.U.)
   B_SPLINE_SURFACE_WITH_KNOTS((3,2,2,3),(2,2),(0.0,
   23.382685902180000,46.765371804360001,70.148057706540996),(0.0,
   1.0),.UNSPECIFIED.)GEOMETRIC_REPRESENTATION_ITEM()
   RATIONAL_B_SPLINE_SURFACE(((1.0,1.0),(0.500000000000000,
   0.500000000000000),(1.0,1.0),(0.500000000000000,
   0.500000000000000),(1.0,1.0),(0.500000000000000,
   0.500000000000000),(1.0,1.0)))REPRESENTATION_ITEM('F16')SURFACE(
   ));
#474=CARTESIAN_POINT('V35',(-29.0,-1.247616E-15,7.473251E-16));
#475=VERTEX_POINT('V35',#474);
#476=CARTESIAN_POINT('E43',(-29.0,-1.247616E-15,0.0));
#477=CARTESIAN_POINT('E43',(-29.0,4.676537180436000,0.0));
#478=CARTESIAN_POINT('E43',(-33.050000000000004,2.338268590218000,
   0.0));
#479=CARTESIAN_POINT('E43',(-37.100000000000001,-3.849701E-15,0.0)
   );
#480=CARTESIAN_POINT('E43',(-33.050000000000004,-2.338268590218000,
   0.0));
#481=CARTESIAN_POINT('E43',(-29.0,-4.676537180436000,0.0));
#482=CARTESIAN_POINT('E43',(-29.0,-1.247616E-15,0.0));
#490=(BOUNDED_CURVE()B_SPLINE_CURVE(2,(#476,#477,#478,#479,#480,
   #481,#482),.CIRCULAR_ARC.,.T.,.U.)B_SPLINE_CURVE_WITH_KNOTS((3,
   2,2,3),(0.0,23.382685902180000,46.765371804360001,
   70.148057706540996),.UNSPECIFIED.)CURVE()
   GEOMETRIC_REPRESENTATION_ITEM()RATIONAL_B_SPLINE_CURVE((1.0,
   0.500000000000000,1.0,0.500000000000000,1.0,0.500000000000000,1.0)
   )REPRESENTATION_ITEM('E43'));
#491=EDGE_CURVE('E43',#475,#475,#490,.T.);
#492=ORIENTED_EDGE('E43',*,*,#491,.F.);
#493=CARTESIAN_POINT('E44',(-29.0,-1.247616E-15,7.473251E-16));
#494=CARTESIAN_POINT('E44',(-29.0,-1.247616E-15,-0.400000000000000)
   );
#495=QUASI_UNIFORM_CURVE('E44',1,(#493,#494),.POLYLINE_FORM.,.F.,.U.
   );
#496=EDGE_CURVE('E44',#475,#428,#495,.T.);
#497=ORIENTED_EDGE('E44',*,*,#496,.T.);
#498=ORIENTED_EDGE('F15',*,*,#444,.T.);
#499=ORIENTED_EDGE('E44',*,*,#496,.F.);
#500=EDGE_LOOP('F16',(#492,#497,#498,#499));
#501=FACE_OUTER_BOUND('F16',#500,.T.);
#502=ADVANCED_FACE('F16',(#501),#473,.T.);
#503=CARTESIAN_POINT('F18',(33.349999999999994,3.851232E-15,
   0.900000000000000));
#504=CARTESIAN_POINT('F18',(33.349999999999994,-2.684678751731800,
   0.900000000000000));
#505=CARTESIAN_POINT('F18',(31.025000000000002,-1.342339375865900,
   0.900000000000000));
#506=CARTESIAN_POINT('F18',(28.699999999999999,-2.422212E-15,
   0.900000000000000));
#507=CARTESIAN_POINT('F18',(31.025000000000002,1.342339375865900,
   0.900000000000000));
#508=CARTESIAN_POINT('F18',(33.349999999999994,2.684678751731800,
   0.900000000000000));
#509=CARTESIAN_POINT('F18',(33.349999999999994,3.851232E-15,
   0.900000000000000));
#510=CARTESIAN_POINT('F18',(33.349999999999994,3.851232E-15,
   -0.500000000000000));
#511=CARTESIAN_POINT('F18',(33.349999999999994,-2.684678751731800,
   -0.500000000000000));
#512=CARTESIAN_POINT('F18',(31.025000000000002,-1.342339375865900,
   -0.500000000000000));
#513=CARTESIAN_POINT('F18',(28.699999999999999,-2.422212E-15,
   -0.500000000000000));
#514=CARTESIAN_POINT('F18',(31.025000000000002,1.342339375865900,
   -0.500000000000000));
#515=CARTESIAN_POINT('F18',(33.349999999999994,2.684678751731800,
   -0.500000000000000));
#516=CARTESIAN_POINT('F18',(33.349999999999994,3.851232E-15,
   -0.500000000000000));
#524=(BOUNDED_SURFACE()B_SPLINE_SURFACE(2,1,((#503,#510),(#504,
   #511),(#505,#512),(#506,#513),(#507,#514),(#508,#515),(
   #509,#516)),.CYLINDRICAL_SURF.,.T.,.F.,.U.)
   B_SPLINE_SURFACE_WITH_KNOTS((3,2,2,3),(2,2),(0.0,
   3.835255359616800,7.670510719233600,11.505766078850000),(0.0,1.0),
   .UNSPECIFIED.)GEOMETRIC_REPRESENTATION_ITEM()
   RATIONAL_B_SPLINE_SURFACE(((1.0,1.0),(0.500000000000000,
   0.500000000000000),(1.0,1.0),(0.500000000000000,
   0.500000000000000),(1.0,1.0),(0.500000000000000,
   0.500000000000000),(1.0,1.0)))REPRESENTATION_ITEM('F18')SURFACE(
   ));
#525=CARTESIAN_POINT('V37',(33.349999999999994,3.851232E-15,
   -0.400000000000000));
#526=VERTEX_POINT('V37',#525);
#527=CARTESIAN_POINT('V38',(33.349999999999994,3.851232E-15,
   0.800000000000000));
#528=VERTEX_POINT('V38',#527);
#529=CARTESIAN_POINT('E48',(33.349999999999994,3.851232E-15,
   -0.400000000000000));
#530=CARTESIAN_POINT('E48',(33.349999999999994,3.851232E-15,
   0.800000000000000));
#531=B_SPLINE_CURVE_WITH_KNOTS('E48',1,(#529,#530),.POLYLINE_FORM.,
   .F.,.U.,(2,2),(0.071428571428571,0.928571428571430),
   .UNSPECIFIED.);
#532=EDGE_CURVE('E48',#526,#528,#531,.T.);
#533=ORIENTED_EDGE('E48',*,*,#532,.T.);
#534=CARTESIAN_POINT('E49',(33.349999999999994,3.851232E-15,
   0.800000000000000));
#535=CARTESIAN_POINT('E49',(33.349999999999994,-2.684678751731800,
   0.800000000000000));
#536=CARTESIAN_POINT('E49',(31.025000000000002,-1.342339375865900,
   0.800000000000000));
#537=CARTESIAN_POINT('E49',(28.699999999999999,1.297333E-15,
   0.800000000000000));
#538=CARTESIAN_POINT('E49',(31.025000000000002,1.342339375865900,
   0.800000000000000));
#539=CARTESIAN_POINT('E49',(33.349999999999994,2.684678751731800,
   0.800000000000000));
#540=CARTESIAN_POINT('E49',(33.349999999999994,3.851232E-15,
   0.800000000000000));
#548=(BOUNDED_CURVE()B_SPLINE_CURVE(2,(#534,#535,#536,#537,#538,
   #539,#540),.CIRCULAR_ARC.,.T.,.U.)B_SPLINE_CURVE_WITH_KNOTS((3,
   2,2,3),(0.0,6.711696879329400,13.423393758659000,
   20.135090637988000),.UNSPECIFIED.)CURVE()
   GEOMETRIC_REPRESENTATION_ITEM()RATIONAL_B_SPLINE_CURVE((1.0,
   0.500000000000000,1.0,0.500000000000000,1.0,0.500000000000000,1.0)
   )REPRESENTATION_ITEM('E49'));
#549=EDGE_CURVE('E49',#528,#528,#548,.T.);
#550=ORIENTED_EDGE('E49',*,*,#549,.F.);
#551=ORIENTED_EDGE('E48',*,*,#532,.F.);
#552=CARTESIAN_POINT('E47',(33.349999999999994,3.851232E-15,
   -0.400000000000000));
#553=CARTESIAN_POINT('E47',(33.349999999999994,2.684678751731800,
   -0.400000000000000));
#554=CARTESIAN_POINT('E47',(31.025000000000002,1.342339375865900,
   -0.400000000000000));
#555=CARTESIAN_POINT('E47',(28.699999999999999,2.767029E-15,
   -0.400000000000000));
#556=CARTESIAN_POINT('E47',(31.025000000000002,-1.342339375865900,
   -0.400000000000000));
#557=CARTESIAN_POINT('E47',(33.349999999999994,-2.684678751731800,
   -0.400000000000000));
#558=CARTESIAN_POINT('E47',(33.349999999999994,3.851232E-15,
   -0.400000000000000));
#566=(BOUNDED_CURVE()B_SPLINE_CURVE(2,(#552,#553,#554,#555,#556,
   #557,#558),.CIRCULAR_ARC.,.T.,.U.)B_SPLINE_CURVE_WITH_KNOTS((3,
   2,2,3),(0.0,13.423393758659000,26.846787517317999,
   40.270181275976000),.UNSPECIFIED.)CURVE()
   GEOMETRIC_REPRESENTATION_ITEM()RATIONAL_B_SPLINE_CURVE((1.0,
   0.500000000000000,1.0,0.500000000000000,1.0,0.500000000000000,1.0)
   )REPRESENTATION_ITEM('E47'));
#567=EDGE_CURVE('E47',#526,#526,#566,.T.);
#568=ORIENTED_EDGE('E47',*,*,#567,.F.);
#569=EDGE_LOOP('F18',(#533,#550,#551,#568));
#570=FACE_OUTER_BOUND('F18',#569,.T.);
#571=ADVANCED_FACE('F18',(#570),#524,.F.);
#572=CARTESIAN_POINT('F20',(28.719999999999999,3.048409421321200,
   -0.400000000000000));
#573=CARTESIAN_POINT('F20',(34.880000000000003,3.048409421321200,
   -0.400000000000000));
#574=CARTESIAN_POINT('F20',(28.719999999999999,-3.048409421321200,
   -0.400000000000000));
#575=CARTESIAN_POINT('F20',(34.880000000000003,-3.048409421321200,
   -0.400000000000000));
#576=QUASI_UNIFORM_SURFACE('F20',1,1,((#572,#574),(#573,#575)),
   .PLANE_SURF.,.F.,.F.,.U.);
#577=CARTESIAN_POINT('V40',(34.600000000000001,2.849689E-15,
   -0.400000000000000));
#578=VERTEX_POINT('V40',#577);
#579=CARTESIAN_POINT('E52',(34.600000000000001,2.849689E-15,
   -0.400000000000000));
#580=CARTESIAN_POINT('E52',(34.600000000000001,4.849742261192800,
   -0.400000000000000));
#581=CARTESIAN_POINT('E52',(30.399999999999999,2.424871130596400,
   -0.400000000000000));
#582=CARTESIAN_POINT('E52',(26.200000000000003,6.812842E-16,
   -0.400000000000000));
#583=CARTESIAN_POINT('E52',(30.399999999999999,-2.424871130596400,
   -0.400000000000000));
#584=CARTESIAN_POINT('E52',(34.600000000000001,-4.849742261192800,
   -0.400000000000000));
#585=CARTESIAN_POINT('E52',(34.600000000000001,2.849689E-15,
   -0.400000000000000));
#593=(BOUNDED_CURVE()B_SPLINE_CURVE(2,(#579,#580,#581,#582,#583,
   #584,#585),.CIRCULAR_ARC.,.T.,.U.)B_SPLINE_CURVE_WITH_KNOTS((3,
   2,2,3),(0.0,24.248711305964001,48.497422611928002,
   72.746133917891996),.UNSPECIFIED.)CURVE()
   GEOMETRIC_REPRESENTATION_ITEM()RATIONAL_B_SPLINE_CURVE((1.0,
   0.500000000000000,1.0,0.500000000000000,1.0,0.500000000000000,1.0)
   )REPRESENTATION_ITEM('E52'));
#594=EDGE_CURVE('E52',#578,#578,#593,.T.);
#595=ORIENTED_EDGE('E52',*,*,#594,.F.);
#596=EDGE_LOOP('F20',(#595));
#597=FACE_OUTER_BOUND('F20',#596,.T.);
#598=ORIENTED_EDGE('F18',*,*,#567,.T.);
#599=EDGE_LOOP('F20',(#598));
#600=FACE_BOUND('F20',#599,.T.);
#601=ADVANCED_FACE('F20',(#597,#600),#576,.T.);
#602=CARTESIAN_POINT('F19',(34.600000000000001,2.849689E-15,
   7.473251E-16));
#603=CARTESIAN_POINT('F19',(34.600000000000001,-4.849742261192800,
   7.473251E-16));
#604=CARTESIAN_POINT('F19',(30.399999999999999,-2.424871130596400,
   7.473251E-16));
#605=CARTESIAN_POINT('F19',(26.200000000000003,6.812842E-16,
   7.473251E-16));
#606=CARTESIAN_POINT('F19',(30.399999999999999,2.424871130596400,
   7.473251E-16));
#607=CARTESIAN_POINT('F19',(34.600000000000001,4.849742261192800,
   7.473251E-16));
#608=CARTESIAN_POINT('F19',(34.600000000000001,2.849689E-15,
   7.473251E-16));
#609=CARTESIAN_POINT('F19',(34.600000000000001,2.849689E-15,
   -0.400000000000000));
#610=CARTESIAN_POINT('F19',(34.600000000000001,-4.849742261192800,
   -0.400000000000000));
#611=CARTESIAN_POINT('F19',(30.399999999999999,-2.424871130596400,
   -0.400000000000000));
#612=CARTESIAN_POINT('F19',(26.200000000000003,6.812842E-16,
   -0.400000000000000));
#613=CARTESIAN_POINT('F19',(30.399999999999999,2.424871130596400,
   -0.400000000000000));
#614=CARTESIAN_POINT('F19',(34.600000000000001,4.849742261192800,
   -0.400000000000000));
#615=CARTESIAN_POINT('F19',(34.600000000000001,2.849689E-15,
   -0.400000000000000));
#623=(BOUNDED_SURFACE()B_SPLINE_SURFACE(2,1,((#602,#609),(#603,
   #610),(#604,#611),(#605,#612),(#606,#613),(#607,#614),(
   #608,#615)),.CYLINDRICAL_SURF.,.T.,.F.,.U.)
   B_SPLINE_SURFACE_WITH_KNOTS((3,2,2,3),(2,2),(0.0,
   24.248711305964001,48.497422611928002,72.746133917891996),(0.0,
   1.0),.UNSPECIFIED.)GEOMETRIC_REPRESENTATION_ITEM()
   RATIONAL_B_SPLINE_SURFACE(((1.0,1.0),(0.500000000000000,
   0.500000000000000),(1.0,1.0),(0.500000000000000,
   0.500000000000000),(1.0,1.0),(0.500000000000000,
   0.500000000000000),(1.0,1.0)))REPRESENTATION_ITEM('F19')SURFACE(
   ));
#624=CARTESIAN_POINT('V39',(34.600000000000001,2.849689E-15,
   7.473251E-16));
#625=VERTEX_POINT('V39',#624);
#626=CARTESIAN_POINT('E50',(34.600000000000001,2.849689E-15,0.0));
#627=CARTESIAN_POINT('E50',(34.600000000000001,4.849742261192800,0.0)
   );
#628=CARTESIAN_POINT('E50',(30.399999999999999,2.424871130596400,0.0)
   );
#629=CARTESIAN_POINT('E50',(26.200000000000003,6.812842E-16,0.0));
#630=CARTESIAN_POINT('E50',(30.399999999999999,-2.424871130596400,
   0.0));
#631=CARTESIAN_POINT('E50',(34.600000000000001,-4.849742261192800,
   0.0));
#632=CARTESIAN_POINT('E50',(34.600000000000001,2.849689E-15,0.0));
#640=(BOUNDED_CURVE()B_SPLINE_CURVE(2,(#626,#627,#628,#629,#630,
   #631,#632),.CIRCULAR_ARC.,.T.,.U.)B_SPLINE_CURVE_WITH_KNOTS((3,
   2,2,3),(0.0,24.248711305964001,48.497422611928002,
   72.746133917891996),.UNSPECIFIED.)CURVE()
   GEOMETRIC_REPRESENTATION_ITEM()RATIONAL_B_SPLINE_CURVE((1.0,
   0.500000000000000,1.0,0.500000000000000,1.0,0.500000000000000,1.0)
   )REPRESENTATION_ITEM('E50'));
#641=EDGE_CURVE('E50',#625,#625,#640,.T.);
#642=ORIENTED_EDGE('E50',*,*,#641,.F.);
#643=CARTESIAN_POINT('E51',(34.600000000000001,2.849689E-15,
   7.473251E-16));
#644=CARTESIAN_POINT('E51',(34.600000000000001,2.849689E-15,
   -0.400000000000000));
#645=QUASI_UNIFORM_CURVE('E51',1,(#643,#644),.POLYLINE_FORM.,.F.,.U.
   );
#646=EDGE_CURVE('E51',#625,#578,#645,.T.);
#647=ORIENTED_EDGE('E51',*,*,#646,.T.);
#648=ORIENTED_EDGE('F20',*,*,#594,.T.);
#649=ORIENTED_EDGE('E51',*,*,#646,.F.);
#650=EDGE_LOOP('F19',(#642,#647,#648,#649));
#651=FACE_OUTER_BOUND('F19',#650,.T.);
#652=ADVANCED_FACE('F19',(#651),#623,.T.);
#653=CARTESIAN_POINT('F6',(-22.440000000000001,-1.420000000000000,
   6.962614472996400));
#654=CARTESIAN_POINT('F6',(-22.440000000000001,-3.152050807568800,
   6.962614472996400));
#655=CARTESIAN_POINT('F6',(-23.939999999999998,-2.286025403784400,
   6.962614472996400));
#656=CARTESIAN_POINT('F6',(-25.440000000000001,-1.420000000000000,
   6.962614472996400));
#657=CARTESIAN_POINT('F6',(-23.939999999999998,-0.553974596215570,
   6.962614472996400));
#658=CARTESIAN_POINT('F6',(-22.440000000000001,0.312050807568880,
   6.962614472996400));
#659=CARTESIAN_POINT('F6',(-22.440000000000001,-1.420000000000000,
   6.962614472996400));
#660=CARTESIAN_POINT('F6',(-22.440000000000001,-1.420000000000000,
   -11.506896103691000));
#661=CARTESIAN_POINT('F6',(-22.440000000000001,-3.152050807569000,
   -11.506896103691400));
#662=CARTESIAN_POINT('F6',(-23.939999999999998,-2.286025403784500,
   -11.506896103691000));
#663=CARTESIAN_POINT('F6',(-25.440000000000001,-1.420000000000040,
   -11.506896103691400));
#664=CARTESIAN_POINT('F6',(-23.939999999999998,-0.553974596215590,
   -11.506896103691000));
#665=CARTESIAN_POINT('F6',(-22.440000000000001,0.312050807568840,
   -11.506896103691400));
#666=CARTESIAN_POINT('F6',(-22.440000000000001,-1.420000000000000,
   -11.506896103691000));
#674=(BOUNDED_SURFACE()B_SPLINE_SURFACE(2,1,((#653,#660),(#654,
   #661),(#655,#662),(#656,#663),(#657,#664),(#658,#665),(
   #659,#666)),.CYLINDRICAL_SURF.,.T.,.F.,.U.)
   B_SPLINE_SURFACE_WITH_KNOTS((3,2,2,3),(2,2),(0.0,
   0.333333333333330,0.666666666666670,1.0),(0.0,1.777229483875200),
   .UNSPECIFIED.)GEOMETRIC_REPRESENTATION_ITEM()
   RATIONAL_B_SPLINE_SURFACE(((1.0,1.0),(0.500000000000000,
   0.500000000000000),(1.0,1.0),(0.500000000000000,
   0.500000000000000),(1.0,1.0),(0.500000000000000,
   0.500000000000000),(1.0,1.0)))REPRESENTATION_ITEM('F6')SURFACE()
   );
#675=CARTESIAN_POINT('V8',(-22.440000000000001,-1.420000000000000,
   6.649999999999999));
#676=VERTEX_POINT('V8',#675);
#677=CARTESIAN_POINT('V6',(-22.440000000000001,-1.420000000000000,
   -4.400000000000000));
#678=VERTEX_POINT('V6',#677);
#679=CARTESIAN_POINT('E11',(-22.440000000000001,-1.420000000000000,
   6.649999999999999));
#680=CARTESIAN_POINT('E11',(-22.440000000000001,-1.420000000000000,
   -4.400000000000000));
#681=B_SPLINE_CURVE_WITH_KNOTS('E11',1,(#679,#680),.POLYLINE_FORM.,
   .F.,.U.,(2,2),(0.030081341689507,1.093368087447100),
   .UNSPECIFIED.);
#682=EDGE_CURVE('E11',#676,#678,#681,.T.);
#683=ORIENTED_EDGE('E11',*,*,#682,.F.);
#684=CARTESIAN_POINT('E12',(-22.440000000000001,-1.420000000000000,
   6.649999999999999));
#685=CARTESIAN_POINT('E12',(-22.440000000000001,-3.152050807568900,
   6.649999999999999));
#686=CARTESIAN_POINT('E12',(-23.939999999999998,-2.286025403784400,
   6.649999999999999));
#687=CARTESIAN_POINT('E12',(-25.440000000000001,-1.420000000000000,
   6.649999999999999));
#688=CARTESIAN_POINT('E12',(-23.939999999999998,-0.553974596215560,
   6.649999999999999));
#689=CARTESIAN_POINT('E12',(-22.440000000000001,0.312050807568880,
   6.649999999999999));
#690=CARTESIAN_POINT('E12',(-22.440000000000001,-1.420000000000000,
   6.649999999999999));
#698=(BOUNDED_CURVE()B_SPLINE_CURVE(2,(#684,#685,#686,#687,#688,
   #689,#690),.CIRCULAR_ARC.,.T.,.U.)B_SPLINE_CURVE_WITH_KNOTS((3,
   2,2,3),(0.0,0.333333333333330,0.666666666666670,1.0),
   .UNSPECIFIED.)CURVE()GEOMETRIC_REPRESENTATION_ITEM()
   RATIONAL_B_SPLINE_CURVE((1.0,0.500000000000000,1.0,
   0.500000000000000,1.0,0.500000000000000,1.0))REPRESENTATION_ITEM(
   'E12'));
#699=EDGE_CURVE('E12',#676,#676,#698,.T.);
#700=ORIENTED_EDGE('E12',*,*,#699,.F.);
#701=ORIENTED_EDGE('E11',*,*,#682,.T.);
#702=CARTESIAN_POINT('E8',(-22.440000000000001,-1.420000000000000,
   -4.400000000000000));
#703=CARTESIAN_POINT('E8',(-22.440000000000001,0.312050807568850,
   -4.400000000000000));
#704=CARTESIAN_POINT('E8',(-23.939999999999998,-0.553974596215590,
   -4.400000000000000));
#705=CARTESIAN_POINT('E8',(-25.440000000000001,-1.420000000000000,
   -4.400000000000000));
#706=CARTESIAN_POINT('E8',(-23.939999999999998,-2.286025403784500,
   -4.400000000000000));
#707=CARTESIAN_POINT('E8',(-22.440000000000001,-3.152050807568900,
   -4.400000000000000));
#708=CARTESIAN_POINT('E8',(-22.440000000000001,-1.420000000000000,
   -4.400000000000000));
#716=(BOUNDED_CURVE()B_SPLINE_CURVE(2,(#702,#703,#704,#705,#706,
   #707,#708),.CIRCULAR_ARC.,.T.,.U.)B_SPLINE_CURVE_WITH_KNOTS((3,
   2,2,3),(0.0,0.333333333333330,0.666666666666670,1.0),
   .UNSPECIFIED.)CURVE()GEOMETRIC_REPRESENTATION_ITEM()
   RATIONAL_B_SPLINE_CURVE((1.0,0.500000000000000,1.0,
   0.500000000000000,1.0,0.500000000000000,1.0))REPRESENTATION_ITEM(
   'E8'));
#717=EDGE_CURVE('E8',#678,#678,#716,.T.);
#718=ORIENTED_EDGE('E8',*,*,#717,.F.);
#719=EDGE_LOOP('F6',(#683,#700,#701,#718));
#720=FACE_OUTER_BOUND('F6',#719,.T.);
#721=ADVANCED_FACE('F6',(#720),#674,.F.);
#722=CARTESIAN_POINT('F4',(-24.815000000000001,-2.780897063089800,
   -4.400000000000000));
#723=CARTESIAN_POINT('F4',(-22.065000000000001,-2.780897063089800,
   -4.400000000000000));
#724=CARTESIAN_POINT('F4',(-24.815000000000001,-0.059102936910173,
   -4.400000000000000));
#725=CARTESIAN_POINT('F4',(-22.065000000000001,-0.059102936910173,
   -4.400000000000000));
#726=QUASI_UNIFORM_SURFACE('F4',1,1,((#722,#724),(#723,#725)),
   .PLANE_SURF.,.F.,.F.,.U.);
#727=CARTESIAN_POINT('V1',(-22.190000000000001,-1.420000000000000,
   -4.400000000000000));
#728=VERTEX_POINT('V1',#727);
#729=CARTESIAN_POINT('E1',(-22.190000000000001,-1.420000000000000,
   -4.400000000000000));
#730=CARTESIAN_POINT('E1',(-22.190000000000001,-3.585063509461100,
   -4.400000000000000));
#731=CARTESIAN_POINT('E1',(-24.065000000000001,-2.502531754730600,
   -4.400000000000000));
#732=CARTESIAN_POINT('E1',(-25.940000000000001,-1.420000000000000,
   -4.400000000000000));
#733=CARTESIAN_POINT('E1',(-24.065000000000001,-0.337468245269460,
   -4.400000000000000));
#734=CARTESIAN_POINT('E1',(-22.190000000000001,0.745063509461090,
   -4.400000000000000));
#735=CARTESIAN_POINT('E1',(-22.190000000000001,-1.420000000000000,
   -4.400000000000000));
#743=(BOUNDED_CURVE()B_SPLINE_CURVE(2,(#729,#730,#731,#732,#733,
   #734,#735),.CIRCULAR_ARC.,.T.,.U.)B_SPLINE_CURVE_WITH_KNOTS((3,
   2,2,3),(0.0,0.333333333333330,0.666666666666670,1.0),
   .UNSPECIFIED.)CURVE()GEOMETRIC_REPRESENTATION_ITEM()
   RATIONAL_B_SPLINE_CURVE((1.0,0.500000000000000,1.0,
   0.500000000000000,1.0,0.500000000000000,1.0))REPRESENTATION_ITEM(
   'E1'));
#744=EDGE_CURVE('E1',#728,#728,#743,.T.);
#745=ORIENTED_EDGE('E1',*,*,#744,.T.);
#746=EDGE_LOOP('F4',(#745));
#747=FACE_OUTER_BOUND('F4',#746,.T.);
#748=ORIENTED_EDGE('F6',*,*,#717,.T.);
#749=EDGE_LOOP('F4',(#748));
#750=FACE_BOUND('F4',#749,.T.);
#751=ADVANCED_FACE('F4',(#747,#750),#726,.F.);
#752=CARTESIAN_POINT('F1',(-22.190000000000001,-1.420000000000000,
   -10.900000000000000));
#753=CARTESIAN_POINT('F1',(-22.190000000000001,0.745063509461100,
   -10.900000000000000));
#754=CARTESIAN_POINT('F1',(-24.065000000000001,-0.337468245269460,
   -10.900000000000000));
#755=CARTESIAN_POINT('F1',(-25.940000000000001,-1.420000000000000,
   -10.900000000000000));
#756=CARTESIAN_POINT('F1',(-24.065000000000001,-2.502531754730600,
   -10.900000000000000));
#757=CARTESIAN_POINT('F1',(-22.190000000000001,-3.585063509461200,
   -10.900000000000000));
#758=CARTESIAN_POINT('F1',(-22.190000000000001,-1.420000000000000,
   -10.900000000000000));
#759=CARTESIAN_POINT('F1',(-22.190000000000001,-1.420000000000000,
   -4.074964106414200));
#760=CARTESIAN_POINT('F1',(-22.190000000000001,0.745063509461100,
   -4.074964106414200));
#761=CARTESIAN_POINT('F1',(-24.065000000000001,-0.337468245269460,
   -4.074964106414200));
#762=CARTESIAN_POINT('F1',(-25.940000000000001,-1.420000000000000,
   -4.074964106414200));
#763=CARTESIAN_POINT('F1',(-24.065000000000001,-2.502531754730600,
   -4.074964106414200));
#764=CARTESIAN_POINT('F1',(-22.190000000000001,-3.585063509461200,
   -4.074964106414200));
#765=CARTESIAN_POINT('F1',(-22.190000000000001,-1.420000000000000,
   -4.074964106414200));
#773=(BOUNDED_SURFACE()B_SPLINE_SURFACE(2,1,((#752,#759),(#753,
   #760),(#754,#761),(#755,#762),(#756,#763),(#757,#764),(
   #758,#765)),.CYLINDRICAL_SURF.,.T.,.F.,.U.)
   B_SPLINE_SURFACE_WITH_KNOTS((3,2,2,3),(2,2),(0.0,
   0.634447508619210,1.268895017238400,1.903342525857600),(0.0,1.0),
   .UNSPECIFIED.)GEOMETRIC_REPRESENTATION_ITEM()
   RATIONAL_B_SPLINE_SURFACE(((1.0,1.0),(0.500000000000000,
   0.500000000000000),(1.0,1.0),(0.500000000000000,
   0.500000000000000),(1.0,1.0),(0.500000000000000,
   0.500000000000000),(1.0,1.0)))REPRESENTATION_ITEM('F1')SURFACE()
   );
#774=CARTESIAN_POINT('V2',(-22.190000000000001,-1.420000000000000,
   -10.900000000000000));
#775=VERTEX_POINT('V2',#774);
#776=CARTESIAN_POINT('E2',(-22.190000000000001,-1.420000000000000,
   -10.900000000000000));
#777=CARTESIAN_POINT('E2',(-22.190000000000001,-1.420000000000000,
   -4.400000000000000));
#778=B_SPLINE_CURVE_WITH_KNOTS('E2',1,(#776,#777),.POLYLINE_FORM.,
   .F.,.U.,(2,2),(0.0,0.952375943708780),.UNSPECIFIED.);
#779=EDGE_CURVE('E2',#775,#728,#778,.T.);
#780=ORIENTED_EDGE('E2',*,*,#779,.F.);
#781=CARTESIAN_POINT('E3',(-22.190000000000001,-1.420000000000000,
   -10.900000000000000));
#782=CARTESIAN_POINT('E3',(-22.190000000000001,0.745063509461090,
   -10.900000000000000));
#783=CARTESIAN_POINT('E3',(-24.065000000000001,-0.337468245269460,
   -10.900000000000000));
#784=CARTESIAN_POINT('E3',(-25.940000000000001,-1.420000000000000,
   -10.900000000000000));
#785=CARTESIAN_POINT('E3',(-24.065000000000001,-2.502531754730600,
   -10.900000000000000));
#786=CARTESIAN_POINT('E3',(-22.190000000000001,-3.585063509461100,
   -10.900000000000000));
#787=CARTESIAN_POINT('E3',(-22.190000000000001,-1.420000000000000,
   -10.900000000000000));
#795=(BOUNDED_CURVE()B_SPLINE_CURVE(2,(#781,#782,#783,#784,#785,
   #786,#787),.CIRCULAR_ARC.,.T.,.U.)B_SPLINE_CURVE_WITH_KNOTS((3,
   2,2,3),(0.0,0.634447508619210,1.268895017238400,
   1.903342525857600),.UNSPECIFIED.)CURVE()
   GEOMETRIC_REPRESENTATION_ITEM()RATIONAL_B_SPLINE_CURVE((1.0,
   0.500000000000000,1.0,0.500000000000000,1.0,0.500000000000000,1.0)
   )REPRESENTATION_ITEM('E3'));
#796=EDGE_CURVE('E3',#775,#775,#795,.T.);
#797=ORIENTED_EDGE('E3',*,*,#796,.F.);
#798=ORIENTED_EDGE('E2',*,*,#779,.T.);
#799=ORIENTED_EDGE('F4',*,*,#744,.F.);
#800=EDGE_LOOP('F1',(#780,#797,#798,#799));
#801=FACE_OUTER_BOUND('F1',#800,.T.);
#802=ADVANCED_FACE('F1',(#801),#773,.F.);
#803=CARTESIAN_POINT('F5',(-23.820000000000000,1.420000000000000,
   6.962614472996400));
#804=CARTESIAN_POINT('F5',(-23.820000000000000,-0.312050807568880,
   6.962614472996400));
#805=CARTESIAN_POINT('F5',(-25.320000000000000,0.553974596215550,
   6.962614472996400));
#806=CARTESIAN_POINT('F5',(-26.820000000000000,1.420000000000000,
   6.962614472996400));
#807=CARTESIAN_POINT('F5',(-25.320000000000000,2.286025403784400,
   6.962614472996400));
#808=CARTESIAN_POINT('F5',(-23.820000000000000,3.152050807568800,
   6.962614472996400));
#809=CARTESIAN_POINT('F5',(-23.820000000000000,1.420000000000000,
   6.962614472996400));
#810=CARTESIAN_POINT('F5',(-23.820000000000000,1.420000000000000,
   -11.506896103691000));
#811=CARTESIAN_POINT('F5',(-23.820000000000000,-0.312050807568920,
   -11.506896103691400));
#812=CARTESIAN_POINT('F5',(-25.320000000000000,0.553974596215530,
   -11.506896103691000));
#813=CARTESIAN_POINT('F5',(-26.820000000000000,1.419999999999960,
   -11.506896103691400));
#814=CARTESIAN_POINT('F5',(-25.320000000000000,2.286025403784400,
   -11.506896103691000));
#815=CARTESIAN_POINT('F5',(-23.820000000000000,3.152050807568800,
   -11.506896103691400));
#816=CARTESIAN_POINT('F5',(-23.820000000000000,1.420000000000000,
   -11.506896103691000));
#824=(BOUNDED_SURFACE()B_SPLINE_SURFACE(2,1,((#803,#810),(#804,
   #811),(#805,#812),(#806,#813),(#807,#814),(#808,#815),(
   #809,#816)),.CYLINDRICAL_SURF.,.T.,.F.,.U.)
   B_SPLINE_SURFACE_WITH_KNOTS((3,2,2,3),(2,2),(0.0,
   0.333333333333330,0.666666666666670,1.0),(0.0,1.777229483875200),
   .UNSPECIFIED.)GEOMETRIC_REPRESENTATION_ITEM()
   RATIONAL_B_SPLINE_SURFACE(((1.0,1.0),(0.500000000000000,
   0.500000000000000),(1.0,1.0),(0.500000000000000,
   0.500000000000000),(1.0,1.0),(0.500000000000000,
   0.500000000000000),(1.0,1.0)))REPRESENTATION_ITEM('F5')SURFACE()
   );
#825=CARTESIAN_POINT('V7',(-23.820000000000000,1.420000000000000,
   6.649999999999999));
#826=VERTEX_POINT('V7',#825);
#827=CARTESIAN_POINT('V5',(-23.820000000000000,1.420000000000000,
   -4.400000000000000));
#828=VERTEX_POINT('V5',#827);
#829=CARTESIAN_POINT('E9',(-23.820000000000000,1.420000000000000,
   6.649999999999999));
#830=CARTESIAN_POINT('E9',(-23.820000000000000,1.420000000000000,
   -4.400000000000000));
#831=B_SPLINE_CURVE_WITH_KNOTS('E9',1,(#829,#830),.POLYLINE_FORM.,
   .F.,.U.,(2,2),(0.030081341689507,1.093368087447100),
   .UNSPECIFIED.);
#832=EDGE_CURVE('E9',#826,#828,#831,.T.);
#833=ORIENTED_EDGE('E9',*,*,#832,.F.);
#834=CARTESIAN_POINT('E10',(-23.820000000000000,1.420000000000000,
   6.649999999999999));
#835=CARTESIAN_POINT('E10',(-23.820000000000000,-0.312050807568880,
   6.649999999999999));
#836=CARTESIAN_POINT('E10',(-25.320000000000000,0.553974596215560,
   6.649999999999999));
#837=CARTESIAN_POINT('E10',(-26.820000000000000,1.420000000000000,
   6.649999999999999));
#838=CARTESIAN_POINT('E10',(-25.320000000000000,2.286025403784400,
   6.649999999999999));
#839=CARTESIAN_POINT('E10',(-23.820000000000000,3.152050807568900,
   6.649999999999999));
#840=CARTESIAN_POINT('E10',(-23.820000000000000,1.420000000000000,
   6.649999999999999));
#848=(BOUNDED_CURVE()B_SPLINE_CURVE(2,(#834,#835,#836,#837,#838,
   #839,#840),.CIRCULAR_ARC.,.T.,.U.)B_SPLINE_CURVE_WITH_KNOTS((3,
   2,2,3),(0.0,0.333333333333330,0.666666666666670,1.0),
   .UNSPECIFIED.)CURVE()GEOMETRIC_REPRESENTATION_ITEM()
   RATIONAL_B_SPLINE_CURVE((1.0,0.500000000000000,1.0,
   0.500000000000000,1.0,0.500000000000000,1.0))REPRESENTATION_ITEM(
   'E10'));
#849=EDGE_CURVE('E10',#826,#826,#848,.T.);
#850=ORIENTED_EDGE('E10',*,*,#849,.F.);
#851=ORIENTED_EDGE('E9',*,*,#832,.T.);
#852=CARTESIAN_POINT('E7',(-23.820000000000000,1.420000000000000,
   -4.400000000000000));
#853=CARTESIAN_POINT('E7',(-23.820000000000000,3.152050807568900,
   -4.400000000000000));
#854=CARTESIAN_POINT('E7',(-25.320000000000000,2.286025403784400,
   -4.400000000000000));
#855=CARTESIAN_POINT('E7',(-26.820000000000000,1.420000000000000,
   -4.400000000000000));
#856=CARTESIAN_POINT('E7',(-25.320000000000000,0.553974596215530,
   -4.400000000000000));
#857=CARTESIAN_POINT('E7',(-23.820000000000000,-0.312050807568910,
   -4.400000000000000));
#858=CARTESIAN_POINT('E7',(-23.820000000000000,1.420000000000000,
   -4.400000000000000));
#866=(BOUNDED_CURVE()B_SPLINE_CURVE(2,(#852,#853,#854,#855,#856,
   #857,#858),.CIRCULAR_ARC.,.T.,.U.)B_SPLINE_CURVE_WITH_KNOTS((3,
   2,2,3),(0.0,0.333333333333330,0.666666666666670,1.0),
   .UNSPECIFIED.)CURVE()GEOMETRIC_REPRESENTATION_ITEM()
   RATIONAL_B_SPLINE_CURVE((1.0,0.500000000000000,1.0,
   0.500000000000000,1.0,0.500000000000000,1.0))REPRESENTATION_ITEM(
   'E7'));
#867=EDGE_CURVE('E7',#828,#828,#866,.T.);
#868=ORIENTED_EDGE('E7',*,*,#867,.F.);
#869=EDGE_LOOP('F5',(#833,#850,#851,#868));
#870=FACE_OUTER_BOUND('F5',#869,.T.);
#871=ADVANCED_FACE('F5',(#870),#824,.F.);
#872=CARTESIAN_POINT('F3',(-26.195000000000000,0.059102936910157,
   -4.400000000000000));
#873=CARTESIAN_POINT('F3',(-23.445000000000000,0.059102936910157,
   -4.400000000000000));
#874=CARTESIAN_POINT('F3',(-26.195000000000000,2.780897063089800,
   -4.400000000000000));
#875=CARTESIAN_POINT('F3',(-23.445000000000000,2.780897063089800,
   -4.400000000000000));
#876=QUASI_UNIFORM_SURFACE('F3',1,1,((#872,#874),(#873,#875)),
   .PLANE_SURF.,.F.,.F.,.U.);
#877=CARTESIAN_POINT('V3',(-23.570000000000000,1.420000000000000,
   -4.400000000000000));
#878=VERTEX_POINT('V3',#877);
#879=CARTESIAN_POINT('E4',(-23.570000000000000,1.420000000000000,
   -4.400000000000000));
#880=CARTESIAN_POINT('E4',(-23.570000000000000,-0.745063509461110,
   -4.400000000000000));
#881=CARTESIAN_POINT('E4',(-25.445000000000000,0.337468245269440,
   -4.400000000000000));
#882=CARTESIAN_POINT('E4',(-27.320000000000000,1.420000000000000,
   -4.400000000000000));
#883=CARTESIAN_POINT('E4',(-25.445000000000000,2.502531754730500,
   -4.400000000000000));
#884=CARTESIAN_POINT('E4',(-23.570000000000000,3.585063509461100,
   -4.400000000000000));
#885=CARTESIAN_POINT('E4',(-23.570000000000000,1.420000000000000,
   -4.400000000000000));
#893=(BOUNDED_CURVE()B_SPLINE_CURVE(2,(#879,#880,#881,#882,#883,
   #884,#885),.CIRCULAR_ARC.,.T.,.U.)B_SPLINE_CURVE_WITH_KNOTS((3,
   2,2,3),(0.0,0.333333333333330,0.666666666666670,1.0),
   .UNSPECIFIED.)CURVE()GEOMETRIC_REPRESENTATION_ITEM()
   RATIONAL_B_SPLINE_CURVE((1.0,0.500000000000000,1.0,
   0.500000000000000,1.0,0.500000000000000,1.0))REPRESENTATION_ITEM(
   'E4'));
#894=EDGE_CURVE('E4',#878,#878,#893,.T.);
#895=ORIENTED_EDGE('E4',*,*,#894,.T.);
#896=EDGE_LOOP('F3',(#895));
#897=FACE_OUTER_BOUND('F3',#896,.T.);
#898=ORIENTED_EDGE('F5',*,*,#867,.T.);
#899=EDGE_LOOP('F3',(#898));
#900=FACE_BOUND('F3',#899,.T.);
#901=ADVANCED_FACE('F3',(#897,#900),#876,.F.);
#902=CARTESIAN_POINT('F2',(-23.570000000000000,1.420000000000000,
   -10.900000000000000));
#903=CARTESIAN_POINT('F2',(-23.570000000000000,3.585063509461000,
   -10.900000000000000));
#904=CARTESIAN_POINT('F2',(-25.445000000000000,2.502531754730500,
   -10.900000000000000));
#905=CARTESIAN_POINT('F2',(-27.320000000000000,1.420000000000000,
   -10.900000000000000));
#906=CARTESIAN_POINT('F2',(-25.445000000000000,0.337468245269440,
   -10.900000000000000));
#907=CARTESIAN_POINT('F2',(-23.570000000000000,-0.745063509461100,
   -10.900000000000000));
#908=CARTESIAN_POINT('F2',(-23.570000000000000,1.420000000000000,
   -10.900000000000000));
#909=CARTESIAN_POINT('F2',(-23.570000000000000,1.420000000000000,
   -4.074964106414200));
#910=CARTESIAN_POINT('F2',(-23.570000000000000,3.585063509461000,
   -4.074964106414200));
#911=CARTESIAN_POINT('F2',(-25.445000000000000,2.502531754730500,
   -4.074964106414200));
#912=CARTESIAN_POINT('F2',(-27.320000000000000,1.420000000000000,
   -4.074964106414200));
#913=CARTESIAN_POINT('F2',(-25.445000000000000,0.337468245269440,
   -4.074964106414200));
#914=CARTESIAN_POINT('F2',(-23.570000000000000,-0.745063509461100,
   -4.074964106414200));
#915=CARTESIAN_POINT('F2',(-23.570000000000000,1.420000000000000,
   -4.074964106414200));
#923=(BOUNDED_SURFACE()B_SPLINE_SURFACE(2,1,((#902,#909),(#903,
   #910),(#904,#911),(#905,#912),(#906,#913),(#907,#914),(
   #908,#915)),.CYLINDRICAL_SURF.,.T.,.F.,.U.)
   B_SPLINE_SURFACE_WITH_KNOTS((3,2,2,3),(2,2),(0.0,
   0.634447508619220,1.268895017238400,1.903342525857600),(0.0,1.0),
   .UNSPECIFIED.)GEOMETRIC_REPRESENTATION_ITEM()
   RATIONAL_B_SPLINE_SURFACE(((1.0,1.0),(0.500000000000000,
   0.500000000000000),(1.0,1.0),(0.500000000000000,
   0.500000000000000),(1.0,1.0),(0.500000000000000,
   0.500000000000000),(1.0,1.0)))REPRESENTATION_ITEM('F2')SURFACE()
   );
#924=CARTESIAN_POINT('V4',(-23.570000000000000,1.420000000000000,
   -10.900000000000000));
#925=VERTEX_POINT('V4',#924);
#926=CARTESIAN_POINT('E5',(-23.570000000000000,1.420000000000000,
   -10.900000000000000));
#927=CARTESIAN_POINT('E5',(-23.570000000000000,1.420000000000000,
   -4.400000000000000));
#928=B_SPLINE_CURVE_WITH_KNOTS('E5',1,(#926,#927),.POLYLINE_FORM.,
   .F.,.U.,(2,2),(0.0,0.952375943708780),.UNSPECIFIED.);
#929=EDGE_CURVE('E5',#925,#878,#928,.T.);
#930=ORIENTED_EDGE('E5',*,*,#929,.F.);
#931=CARTESIAN_POINT('E6',(-23.570000000000000,1.420000000000000,
   -10.900000000000000));
#932=CARTESIAN_POINT('E6',(-23.570000000000000,3.585063509461100,
   -10.900000000000000));
#933=CARTESIAN_POINT('E6',(-25.445000000000000,2.502531754730500,
   -10.900000000000000));
#934=CARTESIAN_POINT('E6',(-27.320000000000000,1.420000000000000,
   -10.900000000000000));
#935=CARTESIAN_POINT('E6',(-25.445000000000000,0.337468245269440,
   -10.900000000000000));
#936=CARTESIAN_POINT('E6',(-23.570000000000000,-0.745063509461110,
   -10.900000000000000));
#937=CARTESIAN_POINT('E6',(-23.570000000000000,1.420000000000000,
   -10.900000000000000));
#945=(BOUNDED_CURVE()B_SPLINE_CURVE(2,(#931,#932,#933,#934,#935,
   #936,#937),.CIRCULAR_ARC.,.T.,.U.)B_SPLINE_CURVE_WITH_KNOTS((3,
   2,2,3),(0.0,0.634447508619220,1.268895017238400,
   1.903342525857600),.UNSPECIFIED.)CURVE()
   GEOMETRIC_REPRESENTATION_ITEM()RATIONAL_B_SPLINE_CURVE((1.0,
   0.500000000000000,1.0,0.500000000000000,1.0,0.500000000000000,1.0)
   )REPRESENTATION_ITEM('E6'));
#946=EDGE_CURVE('E6',#925,#925,#945,.T.);
#947=ORIENTED_EDGE('E6',*,*,#946,.F.);
#948=ORIENTED_EDGE('E5',*,*,#929,.T.);
#949=ORIENTED_EDGE('F3',*,*,#894,.F.);
#950=EDGE_LOOP('F2',(#930,#947,#948,#949));
#951=FACE_OUTER_BOUND('F2',#950,.T.);
#952=ADVANCED_FACE('F2',(#951),#923,.F.);
#953=CARTESIAN_POINT('F29',(25.820000000000000,1.420000000000000,
   6.962614472996400));
#954=CARTESIAN_POINT('F29',(25.820000000000000,-0.312050807568880,
   6.962614472996400));
#955=CARTESIAN_POINT('F29',(24.320000000000000,0.553974596215550,
   6.962614472996400));
#956=CARTESIAN_POINT('F29',(22.820000000000000,1.420000000000000,
   6.962614472996400));
#957=CARTESIAN_POINT('F29',(24.320000000000000,2.286025403784400,
   6.962614472996400));
#958=CARTESIAN_POINT('F29',(25.820000000000000,3.152050807568800,
   6.962614472996400));
#959=CARTESIAN_POINT('F29',(25.820000000000000,1.420000000000000,
   6.962614472996400));
#960=CARTESIAN_POINT('F29',(25.820000000000000,1.420000000000000,
   -11.506896103691000));
#961=CARTESIAN_POINT('F29',(25.820000000000000,-0.312050807568920,
   -11.506896103691400));
#962=CARTESIAN_POINT('F29',(24.320000000000000,0.553974596215530,
   -11.506896103691000));
#963=CARTESIAN_POINT('F29',(22.820000000000000,1.419999999999960,
   -11.506896103691400));
#964=CARTESIAN_POINT('F29',(24.320000000000000,2.286025403784400,
   -11.506896103691000));
#965=CARTESIAN_POINT('F29',(25.820000000000000,3.152050807568800,
   -11.506896103691400));
#966=CARTESIAN_POINT('F29',(25.820000000000000,1.420000000000000,
   -11.506896103691000));
#974=(BOUNDED_SURFACE()B_SPLINE_SURFACE(2,1,((#953,#960),(#954,
   #961),(#955,#962),(#956,#963),(#957,#964),(#958,#965),(
   #959,#966)),.CYLINDRICAL_SURF.,.T.,.F.,.U.)
   B_SPLINE_SURFACE_WITH_KNOTS((3,2,2,3),(2,2),(0.0,
   0.333333333333330,0.666666666666670,1.0),(0.0,1.777229483875200),
   .UNSPECIFIED.)GEOMETRIC_REPRESENTATION_ITEM()
   RATIONAL_B_SPLINE_SURFACE(((1.0,1.0),(0.500000000000000,
   0.500000000000000),(1.0,1.0),(0.500000000000000,
   0.500000000000000),(1.0,1.0),(0.500000000000000,
   0.500000000000000),(1.0,1.0)))REPRESENTATION_ITEM('F29')SURFACE(
   ));
#975=CARTESIAN_POINT('V66',(25.820000000000000,1.420000000000000,
   6.649999999999999));
#976=VERTEX_POINT('V66',#975);
#977=CARTESIAN_POINT('V65',(25.820000000000000,1.420000000000000,
   -4.400000000000000));
#978=VERTEX_POINT('V65',#977);
#979=CARTESIAN_POINT('E82',(25.820000000000000,1.420000000000000,
   6.649999999999999));
#980=CARTESIAN_POINT('E82',(25.820000000000000,1.420000000000000,
   -4.400000000000000));
#981=B_SPLINE_CURVE_WITH_KNOTS('E82',1,(#979,#980),.POLYLINE_FORM.,
   .F.,.U.,(2,2),(0.030081341689507,1.093368087447100),
   .UNSPECIFIED.);
#982=EDGE_CURVE('E82',#976,#978,#981,.T.);
#983=ORIENTED_EDGE('E82',*,*,#982,.F.);
#984=CARTESIAN_POINT('E83',(25.820000000000000,1.420000000000000,
   6.649999999999999));
#985=CARTESIAN_POINT('E83',(25.820000000000000,-0.312050807568880,
   6.649999999999999));
#986=CARTESIAN_POINT('E83',(24.320000000000000,0.553974596215560,
   6.649999999999999));
#987=CARTESIAN_POINT('E83',(22.820000000000000,1.420000000000000,
   6.649999999999999));
#988=CARTESIAN_POINT('E83',(24.320000000000000,2.286025403784400,
   6.649999999999999));
#989=CARTESIAN_POINT('E83',(25.820000000000000,3.152050807568900,
   6.649999999999999));
#990=CARTESIAN_POINT('E83',(25.820000000000000,1.420000000000000,
   6.649999999999999));
#998=(BOUNDED_CURVE()B_SPLINE_CURVE(2,(#984,#985,#986,#987,#988,
   #989,#990),.CIRCULAR_ARC.,.T.,.U.)B_SPLINE_CURVE_WITH_KNOTS((3,
   2,2,3),(0.0,0.333333333333330,0.666666666666670,1.0),
   .UNSPECIFIED.)CURVE()GEOMETRIC_REPRESENTATION_ITEM()
   RATIONAL_B_SPLINE_CURVE((1.0,0.500000000000000,1.0,
   0.500000000000000,1.0,0.500000000000000,1.0))REPRESENTATION_ITEM(
   'E83'));
#999=EDGE_CURVE('E83',#976,#976,#998,.T.);
#1000=ORIENTED_EDGE('E83',*,*,#999,.F.);
#1001=ORIENTED_EDGE('E82',*,*,#982,.T.);
#1002=CARTESIAN_POINT('E81',(25.820000000000000,1.420000000000000,
   -4.400000000000000));
#1003=CARTESIAN_POINT('E81',(25.820000000000000,3.152050807568900,
   -4.400000000000000));
#1004=CARTESIAN_POINT('E81',(24.320000000000000,2.286025403784400,
   -4.400000000000000));
#1005=CARTESIAN_POINT('E81',(22.820000000000000,1.420000000000000,
   -4.400000000000000));
#1006=CARTESIAN_POINT('E81',(24.320000000000000,0.553974596215530,
   -4.400000000000000));
#1007=CARTESIAN_POINT('E81',(25.820000000000000,-0.312050807568910,
   -4.400000000000000));
#1008=CARTESIAN_POINT('E81',(25.820000000000000,1.420000000000000,
   -4.400000000000000));
#1016=(BOUNDED_CURVE()B_SPLINE_CURVE(2,(#1002,#1003,#1004,#1005,
   #1006,#1007,#1008),.CIRCULAR_ARC.,.T.,.U.)
   B_SPLINE_CURVE_WITH_KNOTS((3,2,2,3),(0.0,0.333333333333330,
   0.666666666666670,1.0),.UNSPECIFIED.)CURVE()
   GEOMETRIC_REPRESENTATION_ITEM()RATIONAL_B_SPLINE_CURVE((1.0,
   0.500000000000000,1.0,0.500000000000000,1.0,0.500000000000000,1.0)
   )REPRESENTATION_ITEM('E81'));
#1017=EDGE_CURVE('E81',#978,#978,#1016,.T.);
#1018=ORIENTED_EDGE('E81',*,*,#1017,.F.);
#1019=EDGE_LOOP('F29',(#983,#1000,#1001,#1018));
#1020=FACE_OUTER_BOUND('F29',#1019,.T.);
#1021=ADVANCED_FACE('F29',(#1020),#974,.F.);
#1022=CARTESIAN_POINT('F34',(23.445000000000000,0.059102936910160,
   -4.400000000000000));
#1023=CARTESIAN_POINT('F34',(26.195000000000000,0.059102936910160,
   -4.400000000000000));
#1024=CARTESIAN_POINT('F34',(23.445000000000000,2.780897063089800,
   -4.400000000000000));
#1025=CARTESIAN_POINT('F34',(26.195000000000000,2.780897063089800,
   -4.400000000000000));
#1026=QUASI_UNIFORM_SURFACE('F34',1,1,((#1022,#1024),(#1023,#1025))
,.PLANE_SURF.,.F.,.F.,.U.);
#1027=CARTESIAN_POINT('V71',(26.070000000000000,1.420000000000000,
   -4.400000000000000));
#1028=VERTEX_POINT('V71',#1027);
#1029=CARTESIAN_POINT('E90',(26.070000000000000,1.420000000000000,
   -4.400000000000000));
#1030=CARTESIAN_POINT('E90',(26.070000000000000,-0.745063509461110,
   -4.400000000000000));
#1031=CARTESIAN_POINT('E90',(24.195000000000000,0.337468245269440,
   -4.400000000000000));
#1032=CARTESIAN_POINT('E90',(22.320000000000000,1.420000000000000,
   -4.400000000000000));
#1033=CARTESIAN_POINT('E90',(24.195000000000000,2.502531754730500,
   -4.400000000000000));
#1034=CARTESIAN_POINT('E90',(26.070000000000000,3.585063509461100,
   -4.400000000000000));
#1035=CARTESIAN_POINT('E90',(26.070000000000000,1.420000000000000,
   -4.400000000000000));
#1043=(BOUNDED_CURVE()B_SPLINE_CURVE(2,(#1029,#1030,#1031,#1032,
   #1033,#1034,#1035),.CIRCULAR_ARC.,.T.,.U.)
   B_SPLINE_CURVE_WITH_KNOTS((3,2,2,3),(0.0,0.333333333333330,
   0.666666666666670,1.0),.UNSPECIFIED.)CURVE()
   GEOMETRIC_REPRESENTATION_ITEM()RATIONAL_B_SPLINE_CURVE((1.0,
   0.500000000000000,1.0,0.500000000000000,1.0,0.500000000000000,1.0)
   )REPRESENTATION_ITEM('E90'));
#1044=EDGE_CURVE('E90',#1028,#1028,#1043,.T.);
#1045=ORIENTED_EDGE('E90',*,*,#1044,.T.);
#1046=EDGE_LOOP('F34',(#1045));
#1047=FACE_OUTER_BOUND('F34',#1046,.T.);
#1048=ORIENTED_EDGE('F29',*,*,#1017,.T.);
#1049=EDGE_LOOP('F34',(#1048));
#1050=FACE_BOUND('F34',#1049,.T.);
#1051=ADVANCED_FACE('F34',(#1047,#1050),#1026,.F.);
#1052=CARTESIAN_POINT('F33',(26.070000000000000,1.420000000000000,
   -10.900000000000000));
#1053=CARTESIAN_POINT('F33',(26.070000000000000,3.585063509461000,
   -10.900000000000000));
#1054=CARTESIAN_POINT('F33',(24.195000000000000,2.502531754730500,
   -10.900000000000000));
#1055=CARTESIAN_POINT('F33',(22.320000000000000,1.420000000000000,
   -10.900000000000000));
#1056=CARTESIAN_POINT('F33',(24.195000000000000,0.337468245269450,
   -10.900000000000000));
#1057=CARTESIAN_POINT('F33',(26.070000000000000,-0.745063509461100,
   -10.900000000000000));
#1058=CARTESIAN_POINT('F33',(26.070000000000000,1.420000000000000,
   -10.900000000000000));
#1059=CARTESIAN_POINT('F33',(26.070000000000000,1.420000000000000,
   -4.074964106414200));
#1060=CARTESIAN_POINT('F33',(26.070000000000000,3.585063509461000,
   -4.074964106414200));
#1061=CARTESIAN_POINT('F33',(24.195000000000000,2.502531754730500,
   -4.074964106414200));
#1062=CARTESIAN_POINT('F33',(22.320000000000000,1.420000000000000,
   -4.074964106414200));
#1063=CARTESIAN_POINT('F33',(24.195000000000000,0.337468245269450,
   -4.074964106414200));
#1064=CARTESIAN_POINT('F33',(26.070000000000000,-0.745063509461100,
   -4.074964106414200));
#1065=CARTESIAN_POINT('F33',(26.070000000000000,1.420000000000000,
   -4.074964106414200));
#1073=(BOUNDED_SURFACE()B_SPLINE_SURFACE(2,1,((#1052,#1059),(
   #1053,#1060),(#1054,#1061),(#1055,#1062),(#1056,#1063),(
   #1057,#1064),(#1058,#1065)),.CYLINDRICAL_SURF.,.T.,.F.,.U.)
   B_SPLINE_SURFACE_WITH_KNOTS((3,2,2,3),(2,2),(0.0,
   0.634447508619210,1.268895017238400,1.903342525857600),(0.0,1.0),
   .UNSPECIFIED.)GEOMETRIC_REPRESENTATION_ITEM()
   RATIONAL_B_SPLINE_SURFACE(((1.0,1.0),(0.500000000000000,
   0.500000000000000),(1.0,1.0),(0.500000000000000,
   0.500000000000000),(1.0,1.0),(0.500000000000000,
   0.500000000000000),(1.0,1.0)))REPRESENTATION_ITEM('F33')SURFACE(
   ));
#1074=CARTESIAN_POINT('V72',(26.070000000000000,1.420000000000000,
   -10.900000000000000));
#1075=VERTEX_POINT('V72',#1074);
#1076=CARTESIAN_POINT('E91',(26.070000000000000,1.420000000000000,
   -10.900000000000000));
#1077=CARTESIAN_POINT('E91',(26.070000000000000,1.420000000000000,
   -4.400000000000000));
#1078=B_SPLINE_CURVE_WITH_KNOTS('E91',1,(#1076,#1077),
   .POLYLINE_FORM.,.F.,.U.,(2,2),(0.0,0.952375943708780),
   .UNSPECIFIED.);
#1079=EDGE_CURVE('E91',#1075,#1028,#1078,.T.);
#1080=ORIENTED_EDGE('E91',*,*,#1079,.F.);
#1081=CARTESIAN_POINT('E92',(26.070000000000000,1.420000000000000,
   -10.900000000000000));
#1082=CARTESIAN_POINT('E92',(26.070000000000000,3.585063509461100,
   -10.900000000000000));
#1083=CARTESIAN_POINT('E92',(24.195000000000000,2.502531754730500,
   -10.900000000000000));
#1084=CARTESIAN_POINT('E92',(22.320000000000000,1.420000000000000,
   -10.900000000000000));
#1085=CARTESIAN_POINT('E92',(24.195000000000000,0.337468245269450,
   -10.900000000000000));
#1086=CARTESIAN_POINT('E92',(26.070000000000000,-0.745063509461100,
   -10.900000000000000));
#1087=CARTESIAN_POINT('E92',(26.070000000000000,1.420000000000000,
   -10.900000000000000));
#1095=(BOUNDED_CURVE()B_SPLINE_CURVE(2,(#1081,#1082,#1083,#1084,
   #1085,#1086,#1087),.CIRCULAR_ARC.,.T.,.U.)
   B_SPLINE_CURVE_WITH_KNOTS((3,2,2,3),(0.0,0.634447508619210,
   1.268895017238400,1.903342525857600),.UNSPECIFIED.)CURVE()
   GEOMETRIC_REPRESENTATION_ITEM()RATIONAL_B_SPLINE_CURVE((1.0,
   0.500000000000000,1.0,0.500000000000000,1.0,0.500000000000000,1.0)
   )REPRESENTATION_ITEM('E92'));
#1096=EDGE_CURVE('E92',#1075,#1075,#1095,.T.);
#1097=ORIENTED_EDGE('E92',*,*,#1096,.F.);
#1098=ORIENTED_EDGE('E91',*,*,#1079,.T.);
#1099=ORIENTED_EDGE('F34',*,*,#1044,.F.);
#1100=EDGE_LOOP('F33',(#1080,#1097,#1098,#1099));
#1101=FACE_OUTER_BOUND('F33',#1100,.T.);
#1102=ADVANCED_FACE('F33',(#1101),#1073,.F.);
#1103=CARTESIAN_POINT('F30',(24.440000000000001,-1.420000000000000,
   6.962614472996400));
#1104=CARTESIAN_POINT('F30',(24.440000000000001,-3.152050807568800,
   6.962614472996400));
#1105=CARTESIAN_POINT('F30',(22.939999999999998,-2.286025403784400,
   6.962614472996400));
#1106=CARTESIAN_POINT('F30',(21.440000000000001,-1.420000000000000,
   6.962614472996400));
#1107=CARTESIAN_POINT('F30',(22.939999999999998,-0.553974596215570,
   6.962614472996400));
#1108=CARTESIAN_POINT('F30',(24.440000000000001,0.312050807568880,
   6.962614472996400));
#1109=CARTESIAN_POINT('F30',(24.440000000000001,-1.420000000000000,
   6.962614472996400));
#1110=CARTESIAN_POINT('F30',(24.440000000000001,-1.420000000000000,
   -11.506896103691000));
#1111=CARTESIAN_POINT('F30',(24.440000000000001,-3.152050807569000,
   -11.506896103691400));
#1112=CARTESIAN_POINT('F30',(22.939999999999998,-2.286025403784500,
   -11.506896103691000));
#1113=CARTESIAN_POINT('F30',(21.440000000000001,-1.420000000000040,
   -11.506896103691400));
#1114=CARTESIAN_POINT('F30',(22.939999999999998,-0.553974596215590,
   -11.506896103691000));
#1115=CARTESIAN_POINT('F30',(24.440000000000001,0.312050807568840,
   -11.506896103691400));
#1116=CARTESIAN_POINT('F30',(24.440000000000001,-1.420000000000000,
   -11.506896103691000));
#1124=(BOUNDED_SURFACE()B_SPLINE_SURFACE(2,1,((#1103,#1110),(
   #1104,#1111),(#1105,#1112),(#1106,#1113),(#1107,#1114),(
   #1108,#1115),(#1109,#1116)),.CYLINDRICAL_SURF.,.T.,.F.,.U.)
   B_SPLINE_SURFACE_WITH_KNOTS((3,2,2,3),(2,2),(0.0,
   0.333333333333330,0.666666666666670,1.0),(0.0,1.777229483875200),
   .UNSPECIFIED.)GEOMETRIC_REPRESENTATION_ITEM()
   RATIONAL_B_SPLINE_SURFACE(((1.0,1.0),(0.500000000000000,
   0.500000000000000),(1.0,1.0),(0.500000000000000,
   0.500000000000000),(1.0,1.0),(0.500000000000000,
   0.500000000000000),(1.0,1.0)))REPRESENTATION_ITEM('F30')SURFACE(
   ));
#1125=CARTESIAN_POINT('V68',(24.440000000000001,-1.420000000000000,
   6.649999999999999));
#1126=VERTEX_POINT('V68',#1125);
#1127=CARTESIAN_POINT('V67',(24.440000000000001,-1.420000000000000,
   -4.400000000000000));
#1128=VERTEX_POINT('V67',#1127);
#1129=CARTESIAN_POINT('E85',(24.440000000000001,-1.420000000000000,
   6.649999999999999));
#1130=CARTESIAN_POINT('E85',(24.440000000000001,-1.420000000000000,
   -4.400000000000000));
#1131=B_SPLINE_CURVE_WITH_KNOTS('E85',1,(#1129,#1130),
   .POLYLINE_FORM.,.F.,.U.,(2,2),(0.030081341689507,
   1.093368087447100),.UNSPECIFIED.);
#1132=EDGE_CURVE('E85',#1126,#1128,#1131,.T.);
#1133=ORIENTED_EDGE('E85',*,*,#1132,.F.);
#1134=CARTESIAN_POINT('E86',(24.440000000000001,-1.420000000000000,
   6.649999999999999));
#1135=CARTESIAN_POINT('E86',(24.440000000000001,-3.152050807568900,
   6.649999999999999));
#1136=CARTESIAN_POINT('E86',(22.939999999999998,-2.286025403784400,
   6.649999999999999));
#1137=CARTESIAN_POINT('E86',(21.440000000000001,-1.420000000000000,
   6.649999999999999));
#1138=CARTESIAN_POINT('E86',(22.939999999999998,-0.553974596215560,
   6.649999999999999));
#1139=CARTESIAN_POINT('E86',(24.440000000000001,0.312050807568870,
   6.649999999999999));
#1140=CARTESIAN_POINT('E86',(24.440000000000001,-1.420000000000000,
   6.649999999999999));
#1148=(BOUNDED_CURVE()B_SPLINE_CURVE(2,(#1134,#1135,#1136,#1137,
   #1138,#1139,#1140),.CIRCULAR_ARC.,.T.,.U.)
   B_SPLINE_CURVE_WITH_KNOTS((3,2,2,3),(0.0,0.333333333333330,
   0.666666666666670,1.0),.UNSPECIFIED.)CURVE()
   GEOMETRIC_REPRESENTATION_ITEM()RATIONAL_B_SPLINE_CURVE((1.0,
   0.500000000000000,1.0,0.500000000000000,1.0,0.500000000000000,1.0)
   )REPRESENTATION_ITEM('E86'));
#1149=EDGE_CURVE('E86',#1126,#1126,#1148,.T.);
#1150=ORIENTED_EDGE('E86',*,*,#1149,.F.);
#1151=ORIENTED_EDGE('E85',*,*,#1132,.T.);
#1152=CARTESIAN_POINT('E84',(24.440000000000001,-1.420000000000000,
   -4.400000000000000));
#1153=CARTESIAN_POINT('E84',(24.440000000000001,0.312050807568850,
   -4.400000000000000));
#1154=CARTESIAN_POINT('E84',(22.939999999999998,-0.553974596215580,
   -4.400000000000000));
#1155=CARTESIAN_POINT('E84',(21.440000000000001,-1.420000000000000,
   -4.400000000000000));
#1156=CARTESIAN_POINT('E84',(22.939999999999998,-2.286025403784500,
   -4.400000000000000));
#1157=CARTESIAN_POINT('E84',(24.440000000000001,-3.152050807568900,
   -4.400000000000000));
#1158=CARTESIAN_POINT('E84',(24.440000000000001,-1.420000000000000,
   -4.400000000000000));
#1166=(BOUNDED_CURVE()B_SPLINE_CURVE(2,(#1152,#1153,#1154,#1155,
   #1156,#1157,#1158),.CIRCULAR_ARC.,.T.,.U.)
   B_SPLINE_CURVE_WITH_KNOTS((3,2,2,3),(0.0,0.333333333333330,
   0.666666666666670,1.0),.UNSPECIFIED.)CURVE()
   GEOMETRIC_REPRESENTATION_ITEM()RATIONAL_B_SPLINE_CURVE((1.0,
   0.500000000000000,1.0,0.500000000000000,1.0,0.500000000000000,1.0)
   )REPRESENTATION_ITEM('E84'));
#1167=EDGE_CURVE('E84',#1128,#1128,#1166,.T.);
#1168=ORIENTED_EDGE('E84',*,*,#1167,.F.);
#1169=EDGE_LOOP('F30',(#1133,#1150,#1151,#1168));
#1170=FACE_OUTER_BOUND('F30',#1169,.T.);
#1171=ADVANCED_FACE('F30',(#1170),#1124,.F.);
#1172=CARTESIAN_POINT('F31',(22.065000000000001,-2.780897063089800,
   -4.400000000000000));
#1173=CARTESIAN_POINT('F31',(24.815000000000001,-2.780897063089800,
   -4.400000000000000));
#1174=CARTESIAN_POINT('F31',(22.065000000000001,-0.059102936910172,
   -4.400000000000000));
#1175=CARTESIAN_POINT('F31',(24.815000000000001,-0.059102936910172,
   -4.400000000000000));
#1176=QUASI_UNIFORM_SURFACE('F31',1,1,((#1172,#1174),(#1173,#1175))
,.PLANE_SURF.,.F.,.F.,.U.);
#1177=CARTESIAN_POINT('V69',(24.690000000000001,-1.420000000000000,
   -4.400000000000000));
#1178=VERTEX_POINT('V69',#1177);
#1179=CARTESIAN_POINT('E87',(24.690000000000001,-1.420000000000000,
   -4.400000000000000));
#1180=CARTESIAN_POINT('E87',(24.690000000000001,-3.585063509461100,
   -4.400000000000000));
#1181=CARTESIAN_POINT('E87',(22.814999999999998,-2.502531754730600,
   -4.400000000000000));
#1182=CARTESIAN_POINT('E87',(20.940000000000001,-1.420000000000000,
   -4.400000000000000));
#1183=CARTESIAN_POINT('E87',(22.814999999999998,-0.337468245269460,
   -4.400000000000000));
#1184=CARTESIAN_POINT('E87',(24.690000000000001,0.745063509461090,
   -4.400000000000000));
#1185=CARTESIAN_POINT('E87',(24.690000000000001,-1.420000000000000,
   -4.400000000000000));
#1193=(BOUNDED_CURVE()B_SPLINE_CURVE(2,(#1179,#1180,#1181,#1182,
   #1183,#1184,#1185),.CIRCULAR_ARC.,.T.,.U.)
   B_SPLINE_CURVE_WITH_KNOTS((3,2,2,3),(0.0,0.333333333333330,
   0.666666666666670,1.0),.UNSPECIFIED.)CURVE()
   GEOMETRIC_REPRESENTATION_ITEM()RATIONAL_B_SPLINE_CURVE((1.0,
   0.500000000000000,1.0,0.500000000000000,1.0,0.500000000000000,1.0)
   )REPRESENTATION_ITEM('E87'));
#1194=EDGE_CURVE('E87',#1178,#1178,#1193,.T.);
#1195=ORIENTED_EDGE('E87',*,*,#1194,.T.);
#1196=EDGE_LOOP('F31',(#1195));
#1197=FACE_OUTER_BOUND('F31',#1196,.T.);
#1198=ORIENTED_EDGE('F30',*,*,#1167,.T.);
#1199=EDGE_LOOP('F31',(#1198));
#1200=FACE_BOUND('F31',#1199,.T.);
#1201=ADVANCED_FACE('F31',(#1197,#1200),#1176,.F.);
#1202=CARTESIAN_POINT('F32',(24.690000000000001,-1.420000000000000,
   -10.900000000000000));
#1203=CARTESIAN_POINT('F32',(24.690000000000001,0.745063509461100,
   -10.900000000000000));
#1204=CARTESIAN_POINT('F32',(22.814999999999998,-0.337468245269460,
   -10.900000000000000));
#1205=CARTESIAN_POINT('F32',(20.940000000000001,-1.420000000000000,
   -10.900000000000000));
#1206=CARTESIAN_POINT('F32',(22.814999999999998,-2.502531754730600,
   -10.900000000000000));
#1207=CARTESIAN_POINT('F32',(24.690000000000001,-3.585063509461200,
   -10.900000000000000));
#1208=CARTESIAN_POINT('F32',(24.690000000000001,-1.420000000000000,
   -10.900000000000000));
#1209=CARTESIAN_POINT('F32',(24.690000000000001,-1.420000000000000,
   -4.074964106414200));
#1210=CARTESIAN_POINT('F32',(24.690000000000001,0.745063509461100,
   -4.074964106414200));
#1211=CARTESIAN_POINT('F32',(22.814999999999998,-0.337468245269460,
   -4.074964106414200));
#1212=CARTESIAN_POINT('F32',(20.940000000000001,-1.420000000000000,
   -4.074964106414200));
#1213=CARTESIAN_POINT('F32',(22.814999999999998,-2.502531754730600,
   -4.074964106414200));
#1214=CARTESIAN_POINT('F32',(24.690000000000001,-3.585063509461200,
   -4.074964106414200));
#1215=CARTESIAN_POINT('F32',(24.690000000000001,-1.420000000000000,
   -4.074964106414200));
#1223=(BOUNDED_SURFACE()B_SPLINE_SURFACE(2,1,((#1202,#1209),(
   #1203,#1210),(#1204,#1211),(#1205,#1212),(#1206,#1213),(
   #1207,#1214),(#1208,#1215)),.CYLINDRICAL_SURF.,.T.,.F.,.U.)
   B_SPLINE_SURFACE_WITH_KNOTS((3,2,2,3),(2,2),(0.0,
   0.634447508619210,1.268895017238400,1.903342525857600),(0.0,1.0),
   .UNSPECIFIED.)GEOMETRIC_REPRESENTATION_ITEM()
   RATIONAL_B_SPLINE_SURFACE(((1.0,1.0),(0.500000000000000,
   0.500000000000000),(1.0,1.0),(0.500000000000000,
   0.500000000000000),(1.0,1.0),(0.500000000000000,
   0.500000000000000),(1.0,1.0)))REPRESENTATION_ITEM('F32')SURFACE(
   ));
#1224=CARTESIAN_POINT('V70',(24.690000000000001,-1.420000000000000,
   -10.900000000000000));
#1225=VERTEX_POINT('V70',#1224);
#1226=CARTESIAN_POINT('E88',(24.690000000000001,-1.420000000000000,
   -10.900000000000000));
#1227=CARTESIAN_POINT('E88',(24.690000000000001,-1.420000000000000,
   -4.400000000000000));
#1228=B_SPLINE_CURVE_WITH_KNOTS('E88',1,(#1226,#1227),
   .POLYLINE_FORM.,.F.,.U.,(2,2),(0.0,0.952375943708780),
   .UNSPECIFIED.);
#1229=EDGE_CURVE('E88',#1225,#1178,#1228,.T.);
#1230=ORIENTED_EDGE('E88',*,*,#1229,.F.);
#1231=CARTESIAN_POINT('E89',(24.690000000000001,-1.420000000000000,
   -10.900000000000000));
#1232=CARTESIAN_POINT('E89',(24.690000000000001,0.745063509461100,
   -10.900000000000000));
#1233=CARTESIAN_POINT('E89',(22.814999999999998,-0.337468245269460,
   -10.900000000000000));
#1234=CARTESIAN_POINT('E89',(20.940000000000001,-1.420000000000000,
   -10.900000000000000));
#1235=CARTESIAN_POINT('E89',(22.814999999999998,-2.502531754730600,
   -10.900000000000000));
#1236=CARTESIAN_POINT('E89',(24.690000000000001,-3.585063509461100,
   -10.900000000000000));
#1237=CARTESIAN_POINT('E89',(24.690000000000001,-1.420000000000000,
   -10.900000000000000));
#1245=(BOUNDED_CURVE()B_SPLINE_CURVE(2,(#1231,#1232,#1233,#1234,
   #1235,#1236,#1237),.CIRCULAR_ARC.,.T.,.U.)
   B_SPLINE_CURVE_WITH_KNOTS((3,2,2,3),(0.0,0.634447508619210,
   1.268895017238400,1.903342525857600),.UNSPECIFIED.)CURVE()
   GEOMETRIC_REPRESENTATION_ITEM()RATIONAL_B_SPLINE_CURVE((1.0,
   0.500000000000000,1.0,0.500000000000000,1.0,0.500000000000000,1.0)
   )REPRESENTATION_ITEM('E89'));
#1246=EDGE_CURVE('E89',#1225,#1225,#1245,.T.);
#1247=ORIENTED_EDGE('E89',*,*,#1246,.F.);
#1248=ORIENTED_EDGE('E88',*,*,#1229,.T.);
#1249=ORIENTED_EDGE('F31',*,*,#1194,.F.);
#1250=EDGE_LOOP('F32',(#1230,#1247,#1248,#1249));
#1251=FACE_OUTER_BOUND('F32',#1250,.T.);
#1252=ADVANCED_FACE('F32',(#1251),#1223,.F.);
#1253=CARTESIAN_POINT('F7',(-25.612813040827998,-3.650000000000000,
   -4.400000000000000));
#1254=CARTESIAN_POINT('F7',(-26.899999999999999,3.650000000000000,
   -4.400000000000000));
#1255=CARTESIAN_POINT('F7',(-25.612813040827998,-3.650000000000000,
   -10.900000000000000));
#1256=CARTESIAN_POINT('F7',(-26.899999999999999,3.650000000000000,
   -10.900000000000000));
#1257=B_SPLINE_SURFACE_WITH_KNOTS('F7',1,1,((#1253,#1255),(#1254,
   #1256)),.PLANE_SURF.,.F.,.F.,.U.,(2,2),(2,2),(0.0,
   1.140402194887100),(0.0,1.0),.UNSPECIFIED.);
#1258=CARTESIAN_POINT('V9',(-26.899999999999999,3.650000000000000,
   -4.400000000000000));
#1259=VERTEX_POINT('V9',#1258);
#1260=CARTESIAN_POINT('V10',(-25.612813040827998,-3.650000000000000,
   -4.400000000000000));
#1261=VERTEX_POINT('V10',#1260);
#1262=CARTESIAN_POINT('E13',(-26.899999999999999,3.650000000000000,
   -4.400000000000000));
#1263=CARTESIAN_POINT('E13',(-25.612813040827998,-3.650000000000000,
   -4.400000000000000));
#1264=B_SPLINE_CURVE_WITH_KNOTS('E13',1,(#1262,#1263),
   .POLYLINE_FORM.,.F.,.U.,(2,2),(0.0,1.140402194887100),
   .UNSPECIFIED.);
#1265=EDGE_CURVE('E13',#1259,#1261,#1264,.T.);
#1266=ORIENTED_EDGE('E13',*,*,#1265,.F.);
#1267=CARTESIAN_POINT('V11',(-26.899999999999999,3.650000000000000,
   -10.900000000000000));
#1268=VERTEX_POINT('V11',#1267);
#1269=CARTESIAN_POINT('E14',(-26.899999999999999,3.650000000000000,
   -4.400000000000000));
#1270=CARTESIAN_POINT('E14',(-26.899999999999999,3.650000000000000,
   -10.900000000000000));
#1271=QUASI_UNIFORM_CURVE('E14',1,(#1269,#1270),.POLYLINE_FORM.,.F.,
   .U.);
#1272=EDGE_CURVE('E14',#1259,#1268,#1271,.T.);
#1273=ORIENTED_EDGE('E14',*,*,#1272,.T.);
#1274=CARTESIAN_POINT('V12',(-25.612813040827998,-3.650000000000000,
   -10.900000000000000));
#1275=VERTEX_POINT('V12',#1274);
#1276=CARTESIAN_POINT('E15',(-26.899999999999999,3.650000000000000,
   -10.900000000000000));
#1277=CARTESIAN_POINT('E15',(-25.612813040827998,-3.650000000000000,
   -10.900000000000000));
#1278=B_SPLINE_CURVE_WITH_KNOTS('E15',1,(#1276,#1277),
   .POLYLINE_FORM.,.F.,.U.,(2,2),(0.0,1.140402194887100),
   .UNSPECIFIED.);
#1279=EDGE_CURVE('E15',#1268,#1275,#1278,.T.);
#1280=ORIENTED_EDGE('E15',*,*,#1279,.T.);
#1281=CARTESIAN_POINT('E16',(-25.612813040827998,-3.650000000000000,
   -4.400000000000000));
#1282=CARTESIAN_POINT('E16',(-25.612813040827998,-3.650000000000000,
   -10.900000000000000));
#1283=QUASI_UNIFORM_CURVE('E16',1,(#1281,#1282),.POLYLINE_FORM.,.F.,
   .U.);
#1284=EDGE_CURVE('E16',#1261,#1275,#1283,.T.);
#1285=ORIENTED_EDGE('E16',*,*,#1284,.F.);
#1286=EDGE_LOOP('F7',(#1266,#1273,#1280,#1285));
#1287=FACE_OUTER_BOUND('F7',#1286,.T.);
#1288=ADVANCED_FACE('F7',(#1287),#1257,.T.);
#1289=CARTESIAN_POINT('F28',(26.899999999999999,3.650000000000000,
   -4.400000000000000));
#1290=CARTESIAN_POINT('F28',(25.612813040827998,-3.650000000000000,
   -4.400000000000000));
#1291=CARTESIAN_POINT('F28',(26.899999999999999,3.650000000000000,
   -10.900000000000000));
#1292=CARTESIAN_POINT('F28',(25.612813040827998,-3.650000000000000,
   -10.900000000000000));
#1293=B_SPLINE_SURFACE_WITH_KNOTS('F28',1,1,((#1289,#1291),(#1290,
   #1292)),.PLANE_SURF.,.F.,.F.,.U.,(2,2),(2,2),(0.0,
   1.140402194887100),(0.0,1.0),.UNSPECIFIED.);
#1294=CARTESIAN_POINT('V61',(25.612813040827998,-3.650000000000000,
   -4.400000000000000));
#1295=VERTEX_POINT('V61',#1294);
#1296=CARTESIAN_POINT('V62',(26.899999999999999,3.650000000000000,
   -4.400000000000000));
#1297=VERTEX_POINT('V62',#1296);
#1298=CARTESIAN_POINT('E77',(25.612813040827998,-3.650000000000000,
   -4.400000000000000));
#1299=CARTESIAN_POINT('E77',(26.899999999999999,3.650000000000000,
   -4.400000000000000));
#1300=B_SPLINE_CURVE_WITH_KNOTS('E77',1,(#1298,#1299),
   .POLYLINE_FORM.,.F.,.U.,(2,2),(0.0,1.140402194887100),
   .UNSPECIFIED.);
#1301=EDGE_CURVE('E77',#1295,#1297,#1300,.T.);
#1302=ORIENTED_EDGE('E77',*,*,#1301,.F.);
#1303=CARTESIAN_POINT('V63',(25.612813040827998,-3.650000000000000,
   -10.900000000000000));
#1304=VERTEX_POINT('V63',#1303);
#1305=CARTESIAN_POINT('E78',(25.612813040827998,-3.650000000000000,
   -10.900000000000000));
#1306=CARTESIAN_POINT('E78',(25.612813040827998,-3.650000000000000,
   -4.400000000000000));
#1307=QUASI_UNIFORM_CURVE('E78',1,(#1305,#1306),.POLYLINE_FORM.,.F.,
   .U.);
#1308=EDGE_CURVE('E78',#1304,#1295,#1307,.T.);
#1309=ORIENTED_EDGE('E78',*,*,#1308,.F.);
#1310=CARTESIAN_POINT('V64',(26.899999999999999,3.650000000000000,
   -10.900000000000000));
#1311=VERTEX_POINT('V64',#1310);
#1312=CARTESIAN_POINT('E79',(26.899999999999999,3.650000000000000,
   -10.900000000000000));
#1313=CARTESIAN_POINT('E79',(25.612813040827998,-3.650000000000000,
   -10.900000000000000));
#1314=B_SPLINE_CURVE_WITH_KNOTS('E79',1,(#1312,#1313),
   .POLYLINE_FORM.,.F.,.U.,(2,2),(0.0,1.140402194887100),
   .UNSPECIFIED.);
#1315=EDGE_CURVE('E79',#1311,#1304,#1314,.T.);
#1316=ORIENTED_EDGE('E79',*,*,#1315,.F.);
#1317=CARTESIAN_POINT('E80',(26.899999999999999,3.650000000000000,
   -4.400000000000000));
#1318=CARTESIAN_POINT('E80',(26.899999999999999,3.650000000000000,
   -10.900000000000000));
#1319=QUASI_UNIFORM_CURVE('E80',1,(#1317,#1318),.POLYLINE_FORM.,.F.,
   .U.);
#1320=EDGE_CURVE('E80',#1297,#1311,#1319,.T.);
#1321=ORIENTED_EDGE('E80',*,*,#1320,.F.);
#1322=EDGE_LOOP('F28',(#1302,#1309,#1316,#1321));
#1323=FACE_OUTER_BOUND('F28',#1322,.T.);
#1324=ADVANCED_FACE('F28',(#1323),#1293,.T.);
#1325=CARTESIAN_POINT('F38',(-27.099999999999998,3.650000000000000,
   -4.200000000000000));
#1326=CARTESIAN_POINT('F38',(27.0,3.650000000000000,
   -4.200000000000000));
#1327=CARTESIAN_POINT('F38',(-27.099999999999998,3.650000000000000,
   -11.100000000000000));
#1328=CARTESIAN_POINT('F38',(27.0,3.650000000000000,
   -11.100000000000000));
#1329=B_SPLINE_SURFACE_WITH_KNOTS('F38',1,1,((#1325,#1327),(#1326,
   #1328)),.PLANE_SURF.,.F.,.F.,.U.,(2,2),(2,2),(0.0,
   7.840579710144900),(0.0,1.0),.UNSPECIFIED.);
#1330=CARTESIAN_POINT('E102',(26.899999999999999,3.650000000000000,
   -4.400000000000000));
#1331=CARTESIAN_POINT('E102',(-26.899999999999999,3.650000000000000,
   -4.400000000000000));
#1332=QUASI_UNIFORM_CURVE('E102',1,(#1330,#1331),.POLYLINE_FORM.,.F.,
   .U.);
#1333=EDGE_CURVE('E102',#1297,#1259,#1332,.T.);
#1334=ORIENTED_EDGE('E102',*,*,#1333,.F.);
#1335=ORIENTED_EDGE('F28',*,*,#1320,.T.);
#1336=CARTESIAN_POINT('E96',(26.899999999999999,3.650000000000000,
   -10.900000000000000));
#1337=CARTESIAN_POINT('E96',(-26.899999999999999,3.650000000000000,
   -10.900000000000000));
#1338=QUASI_UNIFORM_CURVE('E96',1,(#1336,#1337),.POLYLINE_FORM.,.F.,
   .U.);
#1339=EDGE_CURVE('E96',#1311,#1268,#1338,.T.);
#1340=ORIENTED_EDGE('E96',*,*,#1339,.T.);
#1341=ORIENTED_EDGE('E14',*,*,#1272,.F.);
#1342=EDGE_LOOP('F38',(#1334,#1335,#1340,#1341));
#1343=FACE_OUTER_BOUND('F38',#1342,.T.);
#1344=ADVANCED_FACE('F38',(#1343),#1329,.T.);
#1345=CARTESIAN_POINT('F35',(-27.859999999999999,4.215000000000000,
   -10.900000000000000));
#1346=CARTESIAN_POINT('F35',(27.760000000000002,4.215000000000000,
   -10.900000000000000));
#1347=CARTESIAN_POINT('F35',(-27.859999999999999,-4.215000000000000,
   -10.900000000000000));
#1348=CARTESIAN_POINT('F35',(27.760000000000002,-4.215000000000000,
   -10.900000000000000));
#1349=B_SPLINE_SURFACE_WITH_KNOTS('F35',1,1,((#1345,#1347),(#1346,
   #1348)),.PLANE_SURF.,.F.,.F.,.U.,(2,2),(2,2),(0.0,
   6.597864768683300),(0.0,1.0),.UNSPECIFIED.);
#1350=ORIENTED_EDGE('E96',*,*,#1339,.F.);
#1351=ORIENTED_EDGE('E79',*,*,#1315,.T.);
#1352=CARTESIAN_POINT('E94',(-25.612813040827998,-3.650000000000000,
   -10.900000000000000));
#1353=CARTESIAN_POINT('E94',(25.612813040827998,-3.650000000000000,
   -10.900000000000000));
#1354=QUASI_UNIFORM_CURVE('E94',1,(#1352,#1353),.POLYLINE_FORM.,.F.,
   .U.);
#1355=EDGE_CURVE('E94',#1275,#1304,#1354,.T.);
#1356=ORIENTED_EDGE('E94',*,*,#1355,.F.);
#1357=ORIENTED_EDGE('E15',*,*,#1279,.F.);
#1358=EDGE_LOOP('F35',(#1350,#1351,#1356,#1357));
#1359=FACE_OUTER_BOUND('F35',#1358,.T.);
#1360=ORIENTED_EDGE('E89',*,*,#1246,.T.);
#1361=EDGE_LOOP('F35',(#1360));
#1362=FACE_BOUND('F35',#1361,.T.);
#1363=ORIENTED_EDGE('E92',*,*,#1096,.T.);
#1364=EDGE_LOOP('F35',(#1363));
#1365=FACE_BOUND('F35',#1364,.T.);
#1366=ORIENTED_EDGE('E6',*,*,#946,.T.);
#1367=EDGE_LOOP('F35',(#1366));
#1368=FACE_BOUND('F35',#1367,.T.);
#1369=ORIENTED_EDGE('E3',*,*,#796,.T.);
#1370=EDGE_LOOP('F35',(#1369));
#1371=FACE_BOUND('F35',#1370,.T.);
#1372=ADVANCED_FACE('F35',(#1359,#1362,#1365,#1368,#1371),#1349,.T.
   );
#1373=CARTESIAN_POINT('F37',(25.712813040828003,-3.650000000000000,
   -4.200000000000000));
#1374=CARTESIAN_POINT('F37',(-25.812813040828001,-3.650000000000000,
   -4.200000000000000));
#1375=CARTESIAN_POINT('F37',(25.712813040828003,-3.650000000000000,
   -11.100000000000000));
#1376=CARTESIAN_POINT('F37',(-25.812813040828001,-3.650000000000000,
   -11.100000000000000));
#1377=B_SPLINE_SURFACE_WITH_KNOTS('F37',1,1,((#1373,#1375),(#1374,
   #1376)),.PLANE_SURF.,.F.,.F.,.U.,(2,2),(2,2),(0.0,
   7.467482040819800),(0.0,1.0),.UNSPECIFIED.);
#1378=ORIENTED_EDGE('E94',*,*,#1355,.T.);
#1379=ORIENTED_EDGE('E78',*,*,#1308,.T.);
#1380=CARTESIAN_POINT('E104',(-25.612813040827998,-3.650000000000000,
   -4.400000000000000));
#1381=CARTESIAN_POINT('E104',(25.612813040827998,-3.650000000000000,
   -4.400000000000000));
#1382=QUASI_UNIFORM_CURVE('E104',1,(#1380,#1381),.POLYLINE_FORM.,.F.,
   .U.);
#1383=EDGE_CURVE('E104',#1261,#1295,#1382,.T.);
#1384=ORIENTED_EDGE('E104',*,*,#1383,.F.);
#1385=ORIENTED_EDGE('F7',*,*,#1284,.T.);
#1386=EDGE_LOOP('F37',(#1378,#1379,#1384,#1385));
#1387=FACE_OUTER_BOUND('F37',#1386,.T.);
#1388=ADVANCED_FACE('F37',(#1387),#1377,.T.);
#1389=CARTESIAN_POINT('F8',(-27.095668608349001,-5.400000000000000,
   7.473251E-16));
#1390=CARTESIAN_POINT('F8',(-29.0,5.400000000000000,7.473251E-16));
#1391=CARTESIAN_POINT('F8',(-27.095668608349001,-5.400000000000000,
   -4.400000000000000));
#1392=CARTESIAN_POINT('F8',(-29.0,5.400000000000000,
   -4.400000000000000));
#1393=B_SPLINE_SURFACE_WITH_KNOTS('F8',1,1,((#1389,#1391),(#1390,
   #1392)),.PLANE_SURF.,.F.,.F.,.U.,(2,2),(2,2),(0.0,
   2.492410774628600),(0.0,1.0),.UNSPECIFIED.);
#1394=CARTESIAN_POINT('V13',(-29.0,5.400000000000000,7.473251E-16)
   );
#1395=VERTEX_POINT('V13',#1394);
#1396=CARTESIAN_POINT('V14',(-27.095668608349001,-5.400000000000000,
   7.473251E-16));
#1397=VERTEX_POINT('V14',#1396);
#1398=CARTESIAN_POINT('E17',(-29.0,5.400000000000000,0.0));
#1399=CARTESIAN_POINT('E17',(-27.095668608349001,-5.400000000000000,
   0.0));
#1400=B_SPLINE_CURVE_WITH_KNOTS('E17',1,(#1398,#1399),
   .POLYLINE_FORM.,.F.,.U.,(2,2),(0.0,2.492410774628600),
   .UNSPECIFIED.);
#1401=EDGE_CURVE('E17',#1395,#1397,#1400,.T.);
#1402=ORIENTED_EDGE('E17',*,*,#1401,.F.);
#1403=CARTESIAN_POINT('V15',(-29.0,5.400000000000000,
   -4.400000000000000));
#1404=VERTEX_POINT('V15',#1403);
#1405=CARTESIAN_POINT('E18',(-29.0,5.400000000000000,
   -4.400000000000000));
#1406=CARTESIAN_POINT('E18',(-29.0,5.400000000000000,7.473251E-16)
   );
#1407=QUASI_UNIFORM_CURVE('E18',1,(#1405,#1406),.POLYLINE_FORM.,.F.,
   .U.);
#1408=EDGE_CURVE('E18',#1404,#1395,#1407,.T.);
#1409=ORIENTED_EDGE('E18',*,*,#1408,.F.);
#1410=CARTESIAN_POINT('V16',(-27.095668608349001,-5.400000000000000,
   -4.400000000000000));
#1411=VERTEX_POINT('V16',#1410);
#1412=CARTESIAN_POINT('E19',(-29.0,5.400000000000000,
   -4.400000000000000));
#1413=CARTESIAN_POINT('E19',(-27.095668608349001,-5.400000000000000,
   -4.400000000000000));
#1414=B_SPLINE_CURVE_WITH_KNOTS('E19',1,(#1412,#1413),
   .POLYLINE_FORM.,.F.,.U.,(2,2),(0.0,2.492410774628600),
   .UNSPECIFIED.);
#1415=EDGE_CURVE('E19',#1404,#1411,#1414,.T.);
#1416=ORIENTED_EDGE('E19',*,*,#1415,.T.);
#1417=CARTESIAN_POINT('E20',(-27.095668608349001,-5.400000000000000,
   7.473251E-16));
#1418=CARTESIAN_POINT('E20',(-27.095668608349001,-5.400000000000000,
   -4.400000000000000));
#1419=QUASI_UNIFORM_CURVE('E20',1,(#1417,#1418),.POLYLINE_FORM.,.F.,
   .U.);
#1420=EDGE_CURVE('E20',#1397,#1411,#1419,.T.);
#1421=ORIENTED_EDGE('E20',*,*,#1420,.F.);
#1422=EDGE_LOOP('F8',(#1402,#1409,#1416,#1421));
#1423=FACE_OUTER_BOUND('F8',#1422,.T.);
#1424=ADVANCED_FACE('F8',(#1423),#1393,.T.);
#1425=CARTESIAN_POINT('F27',(29.0,5.400000000000000,7.473251E-16));
#1426=CARTESIAN_POINT('F27',(27.095668608349001,-5.400000000000000,
   7.473251E-16));
#1427=CARTESIAN_POINT('F27',(29.0,5.400000000000000,
   -4.400000000000000));
#1428=CARTESIAN_POINT('F27',(27.095668608349001,-5.400000000000000,
   -4.400000000000000));
#1429=B_SPLINE_SURFACE_WITH_KNOTS('F27',1,1,((#1425,#1427),(#1426,
   #1428)),.PLANE_SURF.,.F.,.F.,.U.,(2,2),(2,2),(0.0,
   2.492410774628600),(0.0,1.0),.UNSPECIFIED.);
#1430=CARTESIAN_POINT('V57',(27.095668608349001,-5.400000000000000,
   7.473251E-16));
#1431=VERTEX_POINT('V57',#1430);
#1432=CARTESIAN_POINT('V58',(29.0,5.400000000000000,7.473251E-16));
#1433=VERTEX_POINT('V58',#1432);
#1434=CARTESIAN_POINT('E73',(27.095668608349001,-5.400000000000000,
   0.0));
#1435=CARTESIAN_POINT('E73',(29.0,5.400000000000000,0.0));
#1436=B_SPLINE_CURVE_WITH_KNOTS('E73',1,(#1434,#1435),
   .POLYLINE_FORM.,.F.,.U.,(2,2),(0.0,2.492410774628600),
   .UNSPECIFIED.);
#1437=EDGE_CURVE('E73',#1431,#1433,#1436,.T.);
#1438=ORIENTED_EDGE('E73',*,*,#1437,.F.);
#1439=CARTESIAN_POINT('V59',(27.095668608349001,-5.400000000000000,
   -4.400000000000000));
#1440=VERTEX_POINT('V59',#1439);
#1441=CARTESIAN_POINT('E74',(27.095668608349001,-5.400000000000000,
   -4.400000000000000));
#1442=CARTESIAN_POINT('E74',(27.095668608349001,-5.400000000000000,
   7.473251E-16));
#1443=QUASI_UNIFORM_CURVE('E74',1,(#1441,#1442),.POLYLINE_FORM.,.F.,
   .U.);
#1444=EDGE_CURVE('E74',#1440,#1431,#1443,.T.);
#1445=ORIENTED_EDGE('E74',*,*,#1444,.F.);
#1446=CARTESIAN_POINT('V60',(29.0,5.400000000000000,
   -4.400000000000000));
#1447=VERTEX_POINT('V60',#1446);
#1448=CARTESIAN_POINT('E75',(29.0,5.400000000000000,
   -4.400000000000000));
#1449=CARTESIAN_POINT('E75',(27.095668608349001,-5.400000000000000,
   -4.400000000000000));
#1450=B_SPLINE_CURVE_WITH_KNOTS('E75',1,(#1448,#1449),
   .POLYLINE_FORM.,.F.,.U.,(2,2),(0.0,2.492410774628600),
   .UNSPECIFIED.);
#1451=EDGE_CURVE('E75',#1447,#1440,#1450,.T.);
#1452=ORIENTED_EDGE('E75',*,*,#1451,.F.);
#1453=CARTESIAN_POINT('E76',(29.0,5.400000000000000,7.473251E-16));
#1454=CARTESIAN_POINT('E76',(29.0,5.400000000000000,
   -4.400000000000000));
#1455=QUASI_UNIFORM_CURVE('E76',1,(#1453,#1454),.POLYLINE_FORM.,.F.,
   .U.);
#1456=EDGE_CURVE('E76',#1433,#1447,#1455,.T.);
#1457=ORIENTED_EDGE('E76',*,*,#1456,.F.);
#1458=EDGE_LOOP('F27',(#1438,#1445,#1452,#1457));
#1459=FACE_OUTER_BOUND('F27',#1458,.T.);
#1460=ADVANCED_FACE('F27',(#1459),#1429,.T.);
#1461=CARTESIAN_POINT('F39',(-29.199999999999999,5.400000000000000,
   0.200000000000000));
#1462=CARTESIAN_POINT('F39',(29.100000000000001,5.400000000000000,
   0.200000000000000));
#1463=CARTESIAN_POINT('F39',(-29.199999999999999,5.400000000000000,
   -4.600000000000000));
#1464=CARTESIAN_POINT('F39',(29.100000000000001,5.400000000000000,
   -4.600000000000000));
#1465=B_SPLINE_SURFACE_WITH_KNOTS('F39',1,1,((#1461,#1463),(#1462,
   #1464)),.PLANE_SURF.,.F.,.F.,.U.,(2,2),(2,2),(0.0,
   12.145833333333000),(0.0,1.0),.UNSPECIFIED.);
#1466=CARTESIAN_POINT('E106',(29.0,5.400000000000000,0.0));
#1467=CARTESIAN_POINT('E106',(-29.0,5.400000000000000,0.0));
#1468=QUASI_UNIFORM_CURVE('E106',1,(#1466,#1467),.POLYLINE_FORM.,.F.,
   .U.);
#1469=EDGE_CURVE('E106',#1433,#1395,#1468,.T.);
#1470=ORIENTED_EDGE('E106',*,*,#1469,.F.);
#1471=ORIENTED_EDGE('F27',*,*,#1456,.T.);
#1472=CARTESIAN_POINT('E100',(29.0,5.400000000000000,
   -4.400000000000000));
#1473=CARTESIAN_POINT('E100',(-29.0,5.400000000000000,
   -4.400000000000000));
#1474=QUASI_UNIFORM_CURVE('E100',1,(#1472,#1473),.POLYLINE_FORM.,.F.,
   .U.);
#1475=EDGE_CURVE('E100',#1447,#1404,#1474,.T.);
#1476=ORIENTED_EDGE('E100',*,*,#1475,.T.);
#1477=ORIENTED_EDGE('E18',*,*,#1408,.T.);
#1478=EDGE_LOOP('F39',(#1470,#1471,#1476,#1477));
#1479=FACE_OUTER_BOUND('F39',#1478,.T.);
#1480=ADVANCED_FACE('F39',(#1479),#1465,.T.);
#1481=CARTESIAN_POINT('F36',(-30.169999999999998,6.140000000000000,
   -4.400000000000000));
#1482=CARTESIAN_POINT('F36',(30.070000000000000,6.140000000000000,
   -4.400000000000000));
#1483=CARTESIAN_POINT('F36',(-30.169999999999998,-6.140000000000000,
   -4.400000000000000));
#1484=CARTESIAN_POINT('F36',(30.070000000000000,-6.140000000000000,
   -4.400000000000000));
#1485=B_SPLINE_SURFACE_WITH_KNOTS('F36',1,1,((#1481,#1483),(#1482,
   #1484)),.PLANE_SURF.,.F.,.F.,.U.,(2,2),(2,2),(0.0,
   4.905537459283400),(0.0,1.0),.UNSPECIFIED.);
#1486=ORIENTED_EDGE('E100',*,*,#1475,.F.);
#1487=ORIENTED_EDGE('E75',*,*,#1451,.T.);
#1488=CARTESIAN_POINT('E98',(-27.095668608349001,-5.400000000000000,
   -4.400000000000000));
#1489=CARTESIAN_POINT('E98',(27.095668608349001,-5.400000000000000,
   -4.400000000000000));
#1490=QUASI_UNIFORM_CURVE('E98',1,(#1488,#1489),.POLYLINE_FORM.,.F.,
   .U.);
#1491=EDGE_CURVE('E98',#1411,#1440,#1490,.T.);
#1492=ORIENTED_EDGE('E98',*,*,#1491,.F.);
#1493=ORIENTED_EDGE('E19',*,*,#1415,.F.);
#1494=EDGE_LOOP('F36',(#1486,#1487,#1492,#1493));
#1495=FACE_OUTER_BOUND('F36',#1494,.T.);
#1496=ORIENTED_EDGE('E104',*,*,#1383,.T.);
#1497=ORIENTED_EDGE('E77',*,*,#1301,.T.);
#1498=ORIENTED_EDGE('E102',*,*,#1333,.T.);
#1499=ORIENTED_EDGE('E13',*,*,#1265,.T.);
#1500=EDGE_LOOP('F36',(#1496,#1497,#1498,#1499));
#1501=FACE_BOUND('F36',#1500,.T.);
#1502=ADVANCED_FACE('F36',(#1495,#1501),#1485,.T.);
#1503=CARTESIAN_POINT('F40',(27.195668608348999,-5.400000000000000,
   0.200000000000000));
#1504=CARTESIAN_POINT('F40',(-27.295668608348997,-5.400000000000000,
   0.200000000000000));
#1505=CARTESIAN_POINT('F40',(27.195668608348999,-5.400000000000000,
   -4.600000000000000));
#1506=CARTESIAN_POINT('F40',(-27.295668608348997,-5.400000000000000,
   -4.600000000000000));
#1507=B_SPLINE_SURFACE_WITH_KNOTS('F40',1,1,((#1503,#1505),(#1504,
   #1506)),.PLANE_SURF.,.F.,.F.,.U.,(2,2),(2,2),(0.0,
   11.352361920145000),(0.0,1.0),.UNSPECIFIED.);
#1508=ORIENTED_EDGE('E98',*,*,#1491,.T.);
#1509=ORIENTED_EDGE('E74',*,*,#1444,.T.);
#1510=CARTESIAN_POINT('E107',(-27.095668608349001,-5.400000000000000,
   0.0));
#1511=CARTESIAN_POINT('E107',(27.095668608349001,-5.400000000000000,
   0.0));
#1512=QUASI_UNIFORM_CURVE('E107',1,(#1510,#1511),.POLYLINE_FORM.,.F.,
   .U.);
#1513=EDGE_CURVE('E107',#1397,#1431,#1512,.T.);
#1514=ORIENTED_EDGE('E107',*,*,#1513,.F.);
#1515=ORIENTED_EDGE('F8',*,*,#1420,.T.);
#1516=EDGE_LOOP('F40',(#1508,#1509,#1514,#1515));
#1517=FACE_OUTER_BOUND('F40',#1516,.T.);
#1518=ADVANCED_FACE('F40',(#1517),#1507,.T.);
#1519=CARTESIAN_POINT('F9',(-34.799999999999997,-4.750000000000000,
   7.473251E-16));
#1520=CARTESIAN_POINT('F9',(-34.800000000000082,-6.249999999999948,
   7.473251E-16));
#1521=CARTESIAN_POINT('F9',(-33.300000000000004,-6.250000000000000,
   7.473251E-16));
#1522=CARTESIAN_POINT('F9',(-34.799999999999997,-4.750000000000000,
   0.800000000000000));
#1523=CARTESIAN_POINT('F9',(-34.800000000000082,-6.249999999999948,
   0.800000000000000));
#1524=CARTESIAN_POINT('F9',(-33.300000000000004,-6.250000000000000,
   0.800000000000000));
#1532=(BOUNDED_SURFACE()B_SPLINE_SURFACE(2,1,((#1519,#1522),(
   #1520,#1523),(#1521,#1524)),.CYLINDRICAL_SURF.,.F.,.F.,.U.)
   B_SPLINE_SURFACE_WITH_KNOTS((3,3),(2,2),(0.0,
   3.750000000000000),(0.0,1.0),.UNSPECIFIED.)
   GEOMETRIC_REPRESENTATION_ITEM()RATIONAL_B_SPLINE_SURFACE(((1.0,
   1.0),(0.707106781186550,0.707106781186550),(1.0,1.0)))
   REPRESENTATION_ITEM('F9')SURFACE());
#1533=CARTESIAN_POINT('V17',(-34.799999999999997,-4.750000000000000,
   7.473251E-16));
#1534=VERTEX_POINT('V17',#1533);
#1535=CARTESIAN_POINT('V18',(-33.300000000000004,-6.250000000000000,
   7.473251E-16));
#1536=VERTEX_POINT('V18',#1535);
#1537=CARTESIAN_POINT('E21',(-34.799999999999997,-4.750000000000000,
   0.0));
#1538=CARTESIAN_POINT('E21',(-34.799999999999997,-6.250000000000000,
   0.0));
#1539=CARTESIAN_POINT('E21',(-33.300000000000004,-6.250000000000000,
   0.0));
#1547=(BOUNDED_CURVE()B_SPLINE_CURVE(2,(#1537,#1538,#1539),
   .CIRCULAR_ARC.,.F.,.U.)B_SPLINE_CURVE_WITH_KNOTS((3,3),(0.0,
   3.750000000000000),.UNSPECIFIED.)CURVE()
   GEOMETRIC_REPRESENTATION_ITEM()RATIONAL_B_SPLINE_CURVE((1.0,
   0.707106781186550,1.0))REPRESENTATION_ITEM('E21'));
#1548=EDGE_CURVE('E21',#1534,#1536,#1547,.T.);
#1549=ORIENTED_EDGE('E21',*,*,#1548,.T.);
#1550=CARTESIAN_POINT('V19',(-33.300000000000004,-6.250000000000000,
   0.800000000000000));
#1551=VERTEX_POINT('V19',#1550);
#1552=CARTESIAN_POINT('E22',(-33.300000000000004,-6.250000000000000,
   7.473251E-16));
#1553=CARTESIAN_POINT('E22',(-33.300000000000004,-6.250000000000000,
   0.800000000000000));
#1554=QUASI_UNIFORM_CURVE('E22',1,(#1552,#1553),.POLYLINE_FORM.,.F.,
   .U.);
#1555=EDGE_CURVE('E22',#1536,#1551,#1554,.T.);
#1556=ORIENTED_EDGE('E22',*,*,#1555,.T.);
#1557=CARTESIAN_POINT('V20',(-34.799999999999997,-4.750000000000000,
   0.800000000000000));
#1558=VERTEX_POINT('V20',#1557);
#1559=CARTESIAN_POINT('E23',(-33.300000000000004,-6.250000000000000,
   0.800000000000000));
#1560=CARTESIAN_POINT('E23',(-34.799999999999997,-6.250000000000000,
   0.800000000000000));
#1561=CARTESIAN_POINT('E23',(-34.799999999999997,-4.750000000000000,
   0.800000000000000));
#1569=(BOUNDED_CURVE()B_SPLINE_CURVE(2,(#1559,#1560,#1561),
   .CIRCULAR_ARC.,.F.,.U.)B_SPLINE_CURVE_WITH_KNOTS((3,3),(0.0,
   3.750000000000000),.UNSPECIFIED.)CURVE()
   GEOMETRIC_REPRESENTATION_ITEM()RATIONAL_B_SPLINE_CURVE((1.0,
   0.707106781186550,1.0))REPRESENTATION_ITEM('E23'));
#1570=EDGE_CURVE('E23',#1551,#1558,#1569,.T.);
#1571=ORIENTED_EDGE('E23',*,*,#1570,.T.);
#1572=CARTESIAN_POINT('E24',(-34.799999999999997,-4.750000000000000,
   7.473251E-16));
#1573=CARTESIAN_POINT('E24',(-34.799999999999997,-4.750000000000000,
   0.800000000000000));
#1574=QUASI_UNIFORM_CURVE('E24',1,(#1572,#1573),.POLYLINE_FORM.,.F.,
   .U.);
#1575=EDGE_CURVE('E24',#1534,#1558,#1574,.T.);
#1576=ORIENTED_EDGE('E24',*,*,#1575,.F.);
#1577=EDGE_LOOP('F9',(#1549,#1556,#1571,#1576));
#1578=FACE_OUTER_BOUND('F9',#1577,.T.);
#1579=ADVANCED_FACE('F9',(#1578),#1532,.T.);
#1580=CARTESIAN_POINT('F10',(-34.799999999999997,4.750000000000000,
   7.473251E-16));
#1581=CARTESIAN_POINT('F10',(-34.799999999999997,-4.750000000000000,
   7.473251E-16));
#1582=CARTESIAN_POINT('F10',(-34.799999999999997,4.750000000000000,
   0.800000000000000));
#1583=CARTESIAN_POINT('F10',(-34.799999999999997,-4.750000000000000,
   0.800000000000000));
#1584=B_SPLINE_SURFACE_WITH_KNOTS('F10',1,1,((#1580,#1582),(#1581,
   #1583)),.PLANE_SURF.,.F.,.F.,.U.,(2,2),(2,2),(0.0,
   11.875000000000000),(0.0,1.0),.UNSPECIFIED.);
#1585=CARTESIAN_POINT('V21',(-34.799999999999997,4.750000000000000,
   7.473251E-16));
#1586=VERTEX_POINT('V21',#1585);
#1587=CARTESIAN_POINT('E25',(-34.799999999999997,4.750000000000000,
   0.0));
#1588=CARTESIAN_POINT('E25',(-34.799999999999997,-4.750000000000000,
   0.0));
#1589=B_SPLINE_CURVE_WITH_KNOTS('E25',1,(#1587,#1588),
   .POLYLINE_FORM.,.F.,.U.,(2,2),(0.0,11.875000000000000),
   .UNSPECIFIED.);
#1590=EDGE_CURVE('E25',#1586,#1534,#1589,.T.);
#1591=ORIENTED_EDGE('E25',*,*,#1590,.T.);
#1592=ORIENTED_EDGE('F9',*,*,#1575,.T.);
#1593=CARTESIAN_POINT('V22',(-34.799999999999997,4.750000000000000,
   0.800000000000000));
#1594=VERTEX_POINT('V22',#1593);
#1595=CARTESIAN_POINT('E26',(-34.799999999999997,-4.750000000000000,
   0.800000000000000));
#1596=CARTESIAN_POINT('E26',(-34.799999999999997,4.750000000000000,
   0.800000000000000));
#1597=B_SPLINE_CURVE_WITH_KNOTS('E26',1,(#1595,#1596),
   .POLYLINE_FORM.,.F.,.U.,(2,2),(0.0,11.875000000000000),
   .UNSPECIFIED.);
#1598=EDGE_CURVE('E26',#1558,#1594,#1597,.T.);
#1599=ORIENTED_EDGE('E26',*,*,#1598,.T.);
#1600=CARTESIAN_POINT('E27',(-34.799999999999997,4.750000000000000,
   7.473251E-16));
#1601=CARTESIAN_POINT('E27',(-34.799999999999997,4.750000000000000,
   0.800000000000000));
#1602=QUASI_UNIFORM_CURVE('E27',1,(#1600,#1601),.POLYLINE_FORM.,.F.,
   .U.);
#1603=EDGE_CURVE('E27',#1586,#1594,#1602,.T.);
#1604=ORIENTED_EDGE('E27',*,*,#1603,.F.);
#1605=EDGE_LOOP('F10',(#1591,#1592,#1599,#1604));
#1606=FACE_OUTER_BOUND('F10',#1605,.T.);
#1607=ADVANCED_FACE('F10',(#1606),#1584,.T.);
#1608=CARTESIAN_POINT('F11',(-33.300000000000004,6.250000000000000,
   7.473251E-16));
#1609=CARTESIAN_POINT('F11',(-34.800000000000573,6.250000000000036,
   7.473251E-16));
#1610=CARTESIAN_POINT('F11',(-34.799999999999997,4.750000000000000,
   7.473251E-16));
#1611=CARTESIAN_POINT('F11',(-33.300000000000004,6.250000000000000,
   0.800000000000000));
#1612=CARTESIAN_POINT('F11',(-34.800000000000573,6.250000000000036,
   0.800000000000011));
#1613=CARTESIAN_POINT('F11',(-34.799999999999997,4.750000000000000,
   0.800000000000000));
#1621=(BOUNDED_SURFACE()B_SPLINE_SURFACE(2,1,((#1608,#1611),(
   #1609,#1612),(#1610,#1613)),.CYLINDRICAL_SURF.,.F.,.F.,.U.)
   B_SPLINE_SURFACE_WITH_KNOTS((3,3),(2,2),(0.0,
   3.750000000000000),(0.0,1.0),.UNSPECIFIED.)
   GEOMETRIC_REPRESENTATION_ITEM()RATIONAL_B_SPLINE_SURFACE(((1.0,
   1.0),(0.707106781186540,0.707106781186540),(1.0,1.0)))
   REPRESENTATION_ITEM('F11')SURFACE());
#1622=CARTESIAN_POINT('V23',(-33.300000000000004,6.250000000000000,
   7.473251E-16));
#1623=VERTEX_POINT('V23',#1622);
#1624=CARTESIAN_POINT('E28',(-33.300000000000004,6.250000000000000,
   0.0));
#1625=CARTESIAN_POINT('E28',(-34.799999999999997,6.250000000000000,
   0.0));
#1626=CARTESIAN_POINT('E28',(-34.799999999999997,4.750000000000000,
   0.0));
#1634=(BOUNDED_CURVE()B_SPLINE_CURVE(2,(#1624,#1625,#1626),
   .CIRCULAR_ARC.,.F.,.U.)B_SPLINE_CURVE_WITH_KNOTS((3,3),(0.0,
   3.750000000000000),.UNSPECIFIED.)CURVE()
   GEOMETRIC_REPRESENTATION_ITEM()RATIONAL_B_SPLINE_CURVE((1.0,
   0.707106781186540,1.0))REPRESENTATION_ITEM('E28'));
#1635=EDGE_CURVE('E28',#1623,#1586,#1634,.T.);
#1636=ORIENTED_EDGE('E28',*,*,#1635,.T.);
#1637=ORIENTED_EDGE('F10',*,*,#1603,.T.);
#1638=CARTESIAN_POINT('V24',(-33.300000000000004,6.250000000000000,
   0.800000000000000));
#1639=VERTEX_POINT('V24',#1638);
#1640=CARTESIAN_POINT('E29',(-34.799999999999997,4.750000000000000,
   0.800000000000000));
#1641=CARTESIAN_POINT('E29',(-34.799999999999997,6.250000000000000,
   0.800000000000000));
#1642=CARTESIAN_POINT('E29',(-33.300000000000004,6.250000000000000,
   0.800000000000000));
#1650=(BOUNDED_CURVE()B_SPLINE_CURVE(2,(#1640,#1641,#1642),
   .CIRCULAR_ARC.,.F.,.U.)B_SPLINE_CURVE_WITH_KNOTS((3,3),(0.0,
   3.750000000000000),.UNSPECIFIED.)CURVE()
   GEOMETRIC_REPRESENTATION_ITEM()RATIONAL_B_SPLINE_CURVE((1.0,
   0.707106781186540,1.0))REPRESENTATION_ITEM('E29'));
#1651=EDGE_CURVE('E29',#1594,#1639,#1650,.T.);
#1652=ORIENTED_EDGE('E29',*,*,#1651,.T.);
#1653=CARTESIAN_POINT('E30',(-33.300000000000004,6.250000000000000,
   7.473251E-16));
#1654=CARTESIAN_POINT('E30',(-33.300000000000004,6.250000000000000,
   0.800000000000000));
#1655=QUASI_UNIFORM_CURVE('E30',1,(#1653,#1654),.POLYLINE_FORM.,.F.,
   .U.);
#1656=EDGE_CURVE('E30',#1623,#1639,#1655,.T.);
#1657=ORIENTED_EDGE('E30',*,*,#1656,.F.);
#1658=EDGE_LOOP('F11',(#1636,#1637,#1652,#1657));
#1659=FACE_OUTER_BOUND('F11',#1658,.T.);
#1660=ADVANCED_FACE('F11',(#1659),#1621,.T.);
#1661=CARTESIAN_POINT('F24',(33.300000000000004,-6.250000000000000,
   7.473251E-16));
#1662=CARTESIAN_POINT('F24',(34.800000000000573,-6.250000000000036,
   7.473251E-16));
#1663=CARTESIAN_POINT('F24',(34.799999999999997,-4.750000000000000,
   7.473251E-16));
#1664=CARTESIAN_POINT('F24',(33.300000000000004,-6.250000000000000,
   0.800000000000000));
#1665=CARTESIAN_POINT('F24',(34.800000000000573,-6.250000000000036,
   0.800000000000011));
#1666=CARTESIAN_POINT('F24',(34.799999999999997,-4.750000000000000,
   0.800000000000000));
#1674=(BOUNDED_SURFACE()B_SPLINE_SURFACE(2,1,((#1661,#1664),(
   #1662,#1665),(#1663,#1666)),.CYLINDRICAL_SURF.,.F.,.F.,.U.)
   B_SPLINE_SURFACE_WITH_KNOTS((3,3),(2,2),(0.0,
   3.750000000000000),(0.0,1.0),.UNSPECIFIED.)
   GEOMETRIC_REPRESENTATION_ITEM()RATIONAL_B_SPLINE_SURFACE(((1.0,
   1.0),(0.707106781186540,0.707106781186540),(1.0,1.0)))
   REPRESENTATION_ITEM('F24')SURFACE());
#1675=CARTESIAN_POINT('V50',(34.799999999999997,-4.750000000000000,
   7.473251E-16));
#1676=VERTEX_POINT('V50',#1675);
#1677=CARTESIAN_POINT('V49',(33.300000000000004,-6.250000000000000,
   7.473251E-16));
#1678=VERTEX_POINT('V49',#1677);
#1679=CARTESIAN_POINT('E63',(34.799999999999997,-4.750000000000000,
   0.0));
#1680=CARTESIAN_POINT('E63',(34.799999999999997,-6.250000000000000,
   0.0));
#1681=CARTESIAN_POINT('E63',(33.300000000000004,-6.250000000000000,
   0.0));
#1689=(BOUNDED_CURVE()B_SPLINE_CURVE(2,(#1679,#1680,#1681),
   .CIRCULAR_ARC.,.F.,.U.)B_SPLINE_CURVE_WITH_KNOTS((3,3),(0.0,
   3.750000000000000),.UNSPECIFIED.)CURVE()
   GEOMETRIC_REPRESENTATION_ITEM()RATIONAL_B_SPLINE_CURVE((1.0,
   0.707106781186540,1.0))REPRESENTATION_ITEM('E63'));
#1690=EDGE_CURVE('E63',#1676,#1678,#1689,.T.);
#1691=ORIENTED_EDGE('E63',*,*,#1690,.F.);
#1692=CARTESIAN_POINT('V51',(34.799999999999997,-4.750000000000000,
   0.800000000000000));
#1693=VERTEX_POINT('V51',#1692);
#1694=CARTESIAN_POINT('E64',(34.799999999999997,-4.750000000000000,
   7.473251E-16));
#1695=CARTESIAN_POINT('E64',(34.799999999999997,-4.750000000000000,
   0.800000000000000));
#1696=QUASI_UNIFORM_CURVE('E64',1,(#1694,#1695),.POLYLINE_FORM.,.F.,
   .U.);
#1697=EDGE_CURVE('E64',#1676,#1693,#1696,.T.);
#1698=ORIENTED_EDGE('E64',*,*,#1697,.T.);
#1699=CARTESIAN_POINT('V52',(33.300000000000004,-6.250000000000000,
   0.800000000000000));
#1700=VERTEX_POINT('V52',#1699);
#1701=CARTESIAN_POINT('E65',(33.300000000000004,-6.250000000000000,
   0.800000000000000));
#1702=CARTESIAN_POINT('E65',(34.799999999999997,-6.250000000000000,
   0.800000000000000));
#1703=CARTESIAN_POINT('E65',(34.799999999999997,-4.750000000000000,
   0.800000000000000));
#1711=(BOUNDED_CURVE()B_SPLINE_CURVE(2,(#1701,#1702,#1703),
   .CIRCULAR_ARC.,.F.,.U.)B_SPLINE_CURVE_WITH_KNOTS((3,3),(0.0,
   3.750000000000000),.UNSPECIFIED.)CURVE()
   GEOMETRIC_REPRESENTATION_ITEM()RATIONAL_B_SPLINE_CURVE((1.0,
   0.707106781186540,1.0))REPRESENTATION_ITEM('E65'));
#1712=EDGE_CURVE('E65',#1700,#1693,#1711,.T.);
#1713=ORIENTED_EDGE('E65',*,*,#1712,.F.);
#1714=CARTESIAN_POINT('E66',(33.300000000000004,-6.250000000000000,
   7.473251E-16));
#1715=CARTESIAN_POINT('E66',(33.300000000000004,-6.250000000000000,
   0.800000000000000));
#1716=QUASI_UNIFORM_CURVE('E66',1,(#1714,#1715),.POLYLINE_FORM.,.F.,
   .U.);
#1717=EDGE_CURVE('E66',#1678,#1700,#1716,.T.);
#1718=ORIENTED_EDGE('E66',*,*,#1717,.F.);
#1719=EDGE_LOOP('F24',(#1691,#1698,#1713,#1718));
#1720=FACE_OUTER_BOUND('F24',#1719,.T.);
#1721=ADVANCED_FACE('F24',(#1720),#1674,.T.);
#1722=CARTESIAN_POINT('F25',(34.799999999999997,-4.750000000000000,
   7.473251E-16));
#1723=CARTESIAN_POINT('F25',(34.799999999999997,4.750000000000000,
   7.473251E-16));
#1724=CARTESIAN_POINT('F25',(34.799999999999997,-4.750000000000000,
   0.800000000000000));
#1725=CARTESIAN_POINT('F25',(34.799999999999997,4.750000000000000,
   0.800000000000000));
#1726=B_SPLINE_SURFACE_WITH_KNOTS('F25',1,1,((#1722,#1724),(#1723,
   #1725)),.PLANE_SURF.,.F.,.F.,.U.,(2,2),(2,2),(0.0,
   11.875000000000000),(0.0,1.0),.UNSPECIFIED.);
#1727=CARTESIAN_POINT('V53',(34.799999999999997,4.750000000000000,
   7.473251E-16));
#1728=VERTEX_POINT('V53',#1727);
#1729=CARTESIAN_POINT('E67',(34.799999999999997,4.750000000000000,
   0.0));
#1730=CARTESIAN_POINT('E67',(34.799999999999997,-4.750000000000000,
   0.0));
#1731=B_SPLINE_CURVE_WITH_KNOTS('E67',1,(#1729,#1730),
   .POLYLINE_FORM.,.F.,.U.,(2,2),(0.0,11.875000000000000),
   .UNSPECIFIED.);
#1732=EDGE_CURVE('E67',#1728,#1676,#1731,.T.);
#1733=ORIENTED_EDGE('E67',*,*,#1732,.F.);
#1734=CARTESIAN_POINT('V54',(34.799999999999997,4.750000000000000,
   0.800000000000000));
#1735=VERTEX_POINT('V54',#1734);
#1736=CARTESIAN_POINT('E68',(34.799999999999997,4.750000000000000,
   7.473251E-16));
#1737=CARTESIAN_POINT('E68',(34.799999999999997,4.750000000000000,
   0.800000000000000));
#1738=QUASI_UNIFORM_CURVE('E68',1,(#1736,#1737),.POLYLINE_FORM.,.F.,
   .U.);
#1739=EDGE_CURVE('E68',#1728,#1735,#1738,.T.);
#1740=ORIENTED_EDGE('E68',*,*,#1739,.T.);
#1741=CARTESIAN_POINT('E69',(34.799999999999997,-4.750000000000000,
   0.800000000000000));
#1742=CARTESIAN_POINT('E69',(34.799999999999997,4.750000000000000,
   0.800000000000000));
#1743=B_SPLINE_CURVE_WITH_KNOTS('E69',1,(#1741,#1742),
   .POLYLINE_FORM.,.F.,.U.,(2,2),(0.0,11.875000000000000),
   .UNSPECIFIED.);
#1744=EDGE_CURVE('E69',#1693,#1735,#1743,.T.);
#1745=ORIENTED_EDGE('E69',*,*,#1744,.F.);
#1746=ORIENTED_EDGE('E64',*,*,#1697,.F.);
#1747=EDGE_LOOP('F25',(#1733,#1740,#1745,#1746));
#1748=FACE_OUTER_BOUND('F25',#1747,.T.);
#1749=ADVANCED_FACE('F25',(#1748),#1726,.T.);
#1750=CARTESIAN_POINT('F26',(34.799999999999997,4.750000000000000,
   7.473251E-16));
#1751=CARTESIAN_POINT('F26',(34.800000000000082,6.249999999999948,
   7.473251E-16));
#1752=CARTESIAN_POINT('F26',(33.300000000000004,6.250000000000000,
   7.473251E-16));
#1753=CARTESIAN_POINT('F26',(34.799999999999997,4.750000000000000,
   0.800000000000000));
#1754=CARTESIAN_POINT('F26',(34.800000000000082,6.249999999999948,
   0.800000000000000));
#1755=CARTESIAN_POINT('F26',(33.300000000000004,6.250000000000000,
   0.800000000000000));
#1763=(BOUNDED_SURFACE()B_SPLINE_SURFACE(2,1,((#1750,#1753),(
   #1751,#1754),(#1752,#1755)),.CYLINDRICAL_SURF.,.F.,.F.,.U.)
   B_SPLINE_SURFACE_WITH_KNOTS((3,3),(2,2),(0.0,
   3.750000000000000),(0.0,1.0),.UNSPECIFIED.)
   GEOMETRIC_REPRESENTATION_ITEM()RATIONAL_B_SPLINE_SURFACE(((1.0,
   1.0),(0.707106781186550,0.707106781186550),(1.0,1.0)))
   REPRESENTATION_ITEM('F26')SURFACE());
#1764=CARTESIAN_POINT('V55',(33.300000000000004,6.250000000000000,
   7.473251E-16));
#1765=VERTEX_POINT('V55',#1764);
#1766=CARTESIAN_POINT('E70',(33.300000000000004,6.250000000000000,
   0.0));
#1767=CARTESIAN_POINT('E70',(34.799999999999997,6.250000000000000,
   0.0));
#1768=CARTESIAN_POINT('E70',(34.799999999999997,4.750000000000000,
   0.0));
#1776=(BOUNDED_CURVE()B_SPLINE_CURVE(2,(#1766,#1767,#1768),
   .CIRCULAR_ARC.,.F.,.U.)B_SPLINE_CURVE_WITH_KNOTS((3,3),(0.0,
   3.750000000000000),.UNSPECIFIED.)CURVE()
   GEOMETRIC_REPRESENTATION_ITEM()RATIONAL_B_SPLINE_CURVE((1.0,
   0.707106781186550,1.0))REPRESENTATION_ITEM('E70'));
#1777=EDGE_CURVE('E70',#1765,#1728,#1776,.T.);
#1778=ORIENTED_EDGE('E70',*,*,#1777,.F.);
#1779=CARTESIAN_POINT('V56',(33.300000000000004,6.250000000000000,
   0.800000000000000));
#1780=VERTEX_POINT('V56',#1779);
#1781=CARTESIAN_POINT('E71',(33.300000000000004,6.250000000000000,
   0.800000000000000));
#1782=CARTESIAN_POINT('E71',(33.300000000000004,6.250000000000000,
   7.473251E-16));
#1783=QUASI_UNIFORM_CURVE('E71',1,(#1781,#1782),.POLYLINE_FORM.,.F.,
   .U.);
#1784=EDGE_CURVE('E71',#1780,#1765,#1783,.T.);
#1785=ORIENTED_EDGE('E71',*,*,#1784,.F.);
#1786=CARTESIAN_POINT('E72',(34.799999999999997,4.750000000000000,
   0.800000000000000));
#1787=CARTESIAN_POINT('E72',(34.799999999999997,6.250000000000000,
   0.800000000000000));
#1788=CARTESIAN_POINT('E72',(33.300000000000004,6.250000000000000,
   0.800000000000000));
#1796=(BOUNDED_CURVE()B_SPLINE_CURVE(2,(#1786,#1787,#1788),
   .CIRCULAR_ARC.,.F.,.U.)B_SPLINE_CURVE_WITH_KNOTS((3,3),(0.0,
   3.750000000000000),.UNSPECIFIED.)CURVE()
   GEOMETRIC_REPRESENTATION_ITEM()RATIONAL_B_SPLINE_CURVE((1.0,
   0.707106781186550,1.0))REPRESENTATION_ITEM('E72'));
#1797=EDGE_CURVE('E72',#1735,#1780,#1796,.T.);
#1798=ORIENTED_EDGE('E72',*,*,#1797,.F.);
#1799=ORIENTED_EDGE('E68',*,*,#1739,.F.);
#1800=EDGE_LOOP('F26',(#1778,#1785,#1798,#1799));
#1801=FACE_OUTER_BOUND('F26',#1800,.T.);
#1802=ADVANCED_FACE('F26',(#1801),#1763,.T.);
#1803=CARTESIAN_POINT('F42',(33.399999999999999,6.250000000000000,
   -0.200000000000000));
#1804=CARTESIAN_POINT('F42',(-33.500000000000000,6.250000000000000,
   -0.200000000000000));
#1805=CARTESIAN_POINT('F42',(33.399999999999999,6.250000000000000,
   1.0));
#1806=CARTESIAN_POINT('F42',(-33.500000000000000,6.250000000000000,
   1.0));
#1807=B_SPLINE_SURFACE_WITH_KNOTS('F42',1,1,((#1803,#1805),(#1804,
   #1806)),.PLANE_SURF.,.F.,.F.,.U.,(2,2),(2,2),(0.0,
   55.750000000000000),(0.0,1.0),.UNSPECIFIED.);
#1808=CARTESIAN_POINT('E116',(-33.300000000000004,6.250000000000000,
   0.800000000000000));
#1809=CARTESIAN_POINT('E116',(33.300000000000004,6.250000000000000,
   0.800000000000000));
#1810=QUASI_UNIFORM_CURVE('E116',1,(#1808,#1809),.POLYLINE_FORM.,.F.,
   .U.);
#1811=EDGE_CURVE('E116',#1639,#1780,#1810,.T.);
#1812=ORIENTED_EDGE('E116',*,*,#1811,.T.);
#1813=ORIENTED_EDGE('E71',*,*,#1784,.T.);
#1814=CARTESIAN_POINT('E114',(33.300000000000004,6.250000000000000,
   0.0));
#1815=CARTESIAN_POINT('E114',(-33.300000000000004,6.250000000000000,
   0.0));
#1816=QUASI_UNIFORM_CURVE('E114',1,(#1814,#1815),.POLYLINE_FORM.,.F.,
   .U.);
#1817=EDGE_CURVE('E114',#1765,#1623,#1816,.T.);
#1818=ORIENTED_EDGE('E114',*,*,#1817,.T.);
#1819=ORIENTED_EDGE('F11',*,*,#1656,.T.);
#1820=EDGE_LOOP('F42',(#1812,#1813,#1818,#1819));
#1821=FACE_OUTER_BOUND('F42',#1820,.T.);
#1822=ADVANCED_FACE('F42',(#1821),#1807,.T.);
#1823=CARTESIAN_POINT('F46',(-36.549999999999997,7.074999999999999,
   7.473251E-16));
#1824=CARTESIAN_POINT('F46',(36.450000000000003,7.074999999999999,
   7.473251E-16));
#1825=CARTESIAN_POINT('F46',(-36.549999999999997,-7.074999999999999,
   7.473251E-16));
#1826=CARTESIAN_POINT('F46',(36.450000000000003,-7.074999999999999,
   7.473251E-16));
#1827=B_SPLINE_SURFACE_WITH_KNOTS('F46',1,1,((#1823,#1825),(#1824,
   #1826)),.PLANE_SURF.,.F.,.F.,.U.,(2,2),(2,2),(0.0,
   5.159010600706700),(0.0,1.0),.UNSPECIFIED.);
#1828=ORIENTED_EDGE('E114',*,*,#1817,.F.);
#1829=ORIENTED_EDGE('E70',*,*,#1777,.T.);
#1830=ORIENTED_EDGE('E67',*,*,#1732,.T.);
#1831=ORIENTED_EDGE('E63',*,*,#1690,.T.);
#1832=CARTESIAN_POINT('E112',(-33.300000000000004,-6.250000000000000,
   0.0));
#1833=CARTESIAN_POINT('E112',(33.300000000000004,-6.250000000000000,
   0.0));
#1834=QUASI_UNIFORM_CURVE('E112',1,(#1832,#1833),.POLYLINE_FORM.,.F.,
   .U.);
#1835=EDGE_CURVE('E112',#1536,#1678,#1834,.T.);
#1836=ORIENTED_EDGE('E112',*,*,#1835,.F.);
#1837=ORIENTED_EDGE('E21',*,*,#1548,.F.);
#1838=ORIENTED_EDGE('E25',*,*,#1590,.F.);
#1839=ORIENTED_EDGE('E28',*,*,#1635,.F.);
#1840=EDGE_LOOP('F46',(#1828,#1829,#1830,#1831,#1836,#1837,#1838,
   #1839));
#1841=FACE_OUTER_BOUND('F46',#1840,.T.);
#1842=ORIENTED_EDGE('E107',*,*,#1513,.T.);
#1843=ORIENTED_EDGE('E73',*,*,#1437,.T.);
#1844=ORIENTED_EDGE('E106',*,*,#1469,.T.);
#1845=ORIENTED_EDGE('E17',*,*,#1401,.T.);
#1846=EDGE_LOOP('F46',(#1842,#1843,#1844,#1845));
#1847=FACE_BOUND('F46',#1846,.T.);
#1848=ORIENTED_EDGE('E50',*,*,#641,.T.);
#1849=EDGE_LOOP('F46',(#1848));
#1850=FACE_BOUND('F46',#1849,.T.);
#1851=ORIENTED_EDGE('E43',*,*,#491,.T.);
#1852=EDGE_LOOP('F46',(#1851));
#1853=FACE_BOUND('F46',#1852,.T.);
#1854=ADVANCED_FACE('F46',(#1841,#1847,#1850,#1853),#1827,.T.);
#1855=CARTESIAN_POINT('F41',(-33.500000000000000,-6.250000000000000,
   -0.200000000000000));
#1856=CARTESIAN_POINT('F41',(33.399999999999999,-6.250000000000000,
   -0.200000000000000));
#1857=CARTESIAN_POINT('F41',(-33.500000000000000,-6.250000000000000,
   1.0));
#1858=CARTESIAN_POINT('F41',(33.399999999999999,-6.250000000000000,
   1.0));
#1859=B_SPLINE_SURFACE_WITH_KNOTS('F41',1,1,((#1855,#1857),(#1856,
   #1858)),.PLANE_SURF.,.F.,.F.,.U.,(2,2),(2,2),(0.0,
   55.750000000000000),(0.0,1.0),.UNSPECIFIED.);
#1860=ORIENTED_EDGE('E112',*,*,#1835,.T.);
#1861=ORIENTED_EDGE('F24',*,*,#1717,.T.);
#1862=CARTESIAN_POINT('E110',(33.300000000000004,-6.250000000000000,
   0.800000000000000));
#1863=CARTESIAN_POINT('E110',(-33.300000000000004,-6.250000000000000,
   0.800000000000000));
#1864=QUASI_UNIFORM_CURVE('E110',1,(#1862,#1863),.POLYLINE_FORM.,.F.,
   .U.);
#1865=EDGE_CURVE('E110',#1700,#1551,#1864,.T.);
#1866=ORIENTED_EDGE('E110',*,*,#1865,.T.);
#1867=ORIENTED_EDGE('E22',*,*,#1555,.F.);
#1868=EDGE_LOOP('F41',(#1860,#1861,#1866,#1867));
#1869=FACE_OUTER_BOUND('F41',#1868,.T.);
#1870=ADVANCED_FACE('F41',(#1869),#1859,.T.);
#1871=CARTESIAN_POINT('F45',(-36.549999999999997,-7.074999999999999,
   0.800000000000000));
#1872=CARTESIAN_POINT('F45',(36.450000000000003,-7.074999999999999,
   0.800000000000000));
#1873=CARTESIAN_POINT('F45',(-36.549999999999997,7.074999999999999,
   0.800000000000000));
#1874=CARTESIAN_POINT('F45',(36.450000000000003,7.074999999999999,
   0.800000000000000));
#1875=B_SPLINE_SURFACE_WITH_KNOTS('F45',1,1,((#1871,#1873),(#1872,
   #1874)),.PLANE_SURF.,.F.,.F.,.U.,(2,2),(2,2),(0.0,
   5.159010600706700),(0.0,1.0),.UNSPECIFIED.);
#1876=ORIENTED_EDGE('E110',*,*,#1865,.F.);
#1877=ORIENTED_EDGE('E65',*,*,#1712,.T.);
#1878=ORIENTED_EDGE('E69',*,*,#1744,.T.);
#1879=ORIENTED_EDGE('E72',*,*,#1797,.T.);
#1880=ORIENTED_EDGE('E116',*,*,#1811,.F.);
#1881=ORIENTED_EDGE('E29',*,*,#1651,.F.);
#1882=ORIENTED_EDGE('E26',*,*,#1598,.F.);
#1883=ORIENTED_EDGE('E23',*,*,#1570,.F.);
#1884=EDGE_LOOP('F45',(#1876,#1877,#1878,#1879,#1880,#1881,#1882,
   #1883));
#1885=FACE_OUTER_BOUND('F45',#1884,.T.);
#1886=ORIENTED_EDGE('E122',*,*,#347,.T.);
#1887=ORIENTED_EDGE('E60',*,*,#307,.T.);
#1888=ORIENTED_EDGE('E57',*,*,#262,.T.);
#1889=ORIENTED_EDGE('E53',*,*,#220,.T.);
#1890=CARTESIAN_POINT('E120',(24.783791323999999,-3.900000000000000,
   0.800000000000000));
#1891=CARTESIAN_POINT('E120',(-24.783791323999999,-3.900000000000000,
   0.800000000000000));
#1892=QUASI_UNIFORM_CURVE('E120',1,(#1890,#1891),.POLYLINE_FORM.,.F.,
   .U.);
#1893=EDGE_CURVE('E120',#208,#64,#1892,.T.);
#1894=ORIENTED_EDGE('E120',*,*,#1893,.T.);
#1895=ORIENTED_EDGE('E31',*,*,#78,.T.);
#1896=ORIENTED_EDGE('E35',*,*,#120,.T.);
#1897=ORIENTED_EDGE('E38',*,*,#165,.T.);
#1898=EDGE_LOOP('F45',(#1886,#1887,#1888,#1889,#1894,#1895,#1896,
   #1897));
#1899=FACE_BOUND('F45',#1898,.T.);
#1900=ORIENTED_EDGE('E49',*,*,#549,.T.);
#1901=EDGE_LOOP('F45',(#1900));
#1902=FACE_BOUND('F45',#1901,.T.);
#1903=ORIENTED_EDGE('E46',*,*,#399,.T.);
#1904=EDGE_LOOP('F45',(#1903));
#1905=FACE_BOUND('F45',#1904,.T.);
#1906=ADVANCED_FACE('F45',(#1885,#1899,#1902,#1905),#1875,.T.);
#1907=CARTESIAN_POINT('F43',(-24.983791323999998,-3.900000000000000,
   0.600000000000000));
#1908=CARTESIAN_POINT('F43',(24.883791324000001,-3.900000000000000,
   0.600000000000000));
#1909=CARTESIAN_POINT('F43',(-24.983791323999998,-3.900000000000000,
   6.850000000000001));
#1910=CARTESIAN_POINT('F43',(24.883791324000001,-3.900000000000000,
   6.850000000000001));
#1911=B_SPLINE_SURFACE_WITH_KNOTS('F43',1,1,((#1907,#1909),(#1908,
   #1910)),.PLANE_SURF.,.F.,.F.,.U.,(2,2),(2,2),(0.0,
   7.978813223679900),(0.0,1.0),.UNSPECIFIED.);
#1912=ORIENTED_EDGE('E120',*,*,#1893,.F.);
#1913=ORIENTED_EDGE('F21',*,*,#247,.T.);
#1914=CARTESIAN_POINT('E118',(24.783791323999999,-3.900000000000000,
   6.649999999999999));
#1915=CARTESIAN_POINT('E118',(-24.783791323999999,-3.900000000000000,
   6.649999999999999));
#1916=QUASI_UNIFORM_CURVE('E118',1,(#1914,#1915),.POLYLINE_FORM.,.F.,
   .U.);
#1917=EDGE_CURVE('E118',#230,#81,#1916,.T.);
#1918=ORIENTED_EDGE('E118',*,*,#1917,.T.);
#1919=ORIENTED_EDGE('E32',*,*,#85,.F.);
#1920=EDGE_LOOP('F43',(#1912,#1913,#1918,#1919));
#1921=FACE_OUTER_BOUND('F43',#1920,.T.);
#1922=ADVANCED_FACE('F43',(#1921),#1911,.T.);
#1923=CARTESIAN_POINT('F47',(-28.514579748972999,-4.490000000000800,
   6.649999999999999));
#1924=CARTESIAN_POINT('F47',(28.414579748973001,-4.490000000000800,
   6.649999999999999));
#1925=CARTESIAN_POINT('F47',(-28.514579748972999,4.490000000016599,
   6.649999999999999));
#1926=CARTESIAN_POINT('F47',(28.414579748973001,4.490000000016599,
   6.649999999999999));
#1927=B_SPLINE_SURFACE_WITH_KNOTS('F47',1,1,((#1923,#1925),(#1924,
   #1926)),.PLANE_SURF.,.F.,.F.,.U.,(2,2),(2,2),(0.0,
   6.339550055438300),(0.0,1.0),.UNSPECIFIED.);
#1928=ORIENTED_EDGE('E118',*,*,#1917,.F.);
#1929=ORIENTED_EDGE('E55',*,*,#242,.T.);
#1930=ORIENTED_EDGE('E59',*,*,#274,.T.);
#1931=ORIENTED_EDGE('E62',*,*,#327,.T.);
#1932=ORIENTED_EDGE('E124',*,*,#341,.F.);
#1933=ORIENTED_EDGE('E39',*,*,#181,.F.);
#1934=ORIENTED_EDGE('E36',*,*,#128,.F.);
#1935=ORIENTED_EDGE('E33',*,*,#100,.F.);
#1936=EDGE_LOOP('F47',(#1928,#1929,#1930,#1931,#1932,#1933,#1934,
   #1935));
#1937=FACE_OUTER_BOUND('F47',#1936,.T.);
#1938=ORIENTED_EDGE('E86',*,*,#1149,.T.);
#1939=EDGE_LOOP('F47',(#1938));
#1940=FACE_BOUND('F47',#1939,.T.);
#1941=ORIENTED_EDGE('E83',*,*,#999,.T.);
#1942=EDGE_LOOP('F47',(#1941));
#1943=FACE_BOUND('F47',#1942,.T.);
#1944=ORIENTED_EDGE('E10',*,*,#849,.T.);
#1945=EDGE_LOOP('F47',(#1944));
#1946=FACE_BOUND('F47',#1945,.T.);
#1947=ORIENTED_EDGE('E12',*,*,#699,.T.);
#1948=EDGE_LOOP('F47',(#1947));
#1949=FACE_BOUND('F47',#1948,.T.);
#1950=ADVANCED_FACE('F47',(#1937,#1940,#1943,#1946,#1949),#1927,.T.
   );
#1951=CLOSED_SHELL('R2',(#109,#137,#190,#251,#279,#332,#352,#421,
   #451,#502,#571,#601,#652,#721,#751,#802,#871,#901,#952,#1021,
   #1051,#1102,#1171,#1201,#1252,#1288,#1324,#1344,#1372,#1388,#1424,
   #1460,#1480,#1502,#1518,#1579,#1607,#1660,#1721,#1749,#1802,#1822,
   #1854,#1870,#1906,#1922,#1950));
#1952=MANIFOLD_SOLID_BREP('R2',#1951);
#1953=STYLED_ITEM('',(#48),#1952);
#1954=MECHANICAL_DESIGN_GEOMETRIC_PRESENTATION_REPRESENTATION('',(
   #1953),#28);
#1955=PROPERTY_DEFINITION('geometric_validation_property',
   'Main:09 67 037 4701:0967_D-Sub_fem_crimp_contacts_37_poles::0',#37
   );
#1959=(LENGTH_UNIT()NAMED_UNIT(*)SI_UNIT(.MILLI.,.METRE.));
#1960=DERIVED_UNIT_ELEMENT(#1959,3.0);
#1961=DERIVED_UNIT((#1960));
#1962=MEASURE_REPRESENTATION_ITEM('volume measure',VOLUME_MEASURE(
   8042.474236373427600),#1961);
#1963=REPRESENTATION('volume',(#1962),#28);
#1964=PROPERTY_DEFINITION_REPRESENTATION(#1955,#1963);
#1965=PROPERTY_DEFINITION('geometric_validation_property',
   'Main:09 67 037 4701:0967_D-Sub_fem_crimp_contacts_37_poles::0',#37
   );
#1966=CARTESIAN_POINT('centre point',(0.002729884611865,
   0.037678431002736,-1.826170411440267));
#1967=REPRESENTATION('centroid',(#1966),#28);
#1968=PROPERTY_DEFINITION_REPRESENTATION(#1965,#1967);
#1969=PROPERTY_DEFINITION('geometric_validation_property',
   'Main:09 67 037 4701:0967_D-Sub_fem_crimp_contacts_37_poles::0',#37
   );
#1973=(LENGTH_UNIT()NAMED_UNIT(*)SI_UNIT(.MILLI.,.METRE.));
#1974=DERIVED_UNIT_ELEMENT(#1973,2.0);
#1975=DERIVED_UNIT((#1974));
#1976=MEASURE_REPRESENTATION_ITEM('surface area measure',
   AREA_MEASURE(4405.502202402904900),#1975);
#1977=REPRESENTATION('surface area',(#1976),#28);
#1978=PROPERTY_DEFINITION_REPRESENTATION(#1969,#1977);
ENDSEC;
END-ISO-10303-21;
